experiment_id,model_name,processing_time,sample_num,ocr_type,chunking_method,chunk_size,overlap,prompt_type,example_num,prompt_token_size,level_type,transformation_method,file_name,ground_truth,predictions,mapped_pred,cleaned_pred,cleaned_gt,precision_initial_exact,precision_mapped_exact,precision_cleaned_exact,recall_initial_exact,recall_mapped_exact,recall_cleaned_exact,f1_initial_exact,f1_mapped_exact,f1_cleaned_exact,match_results_initial_exact,match_results_mapped_exact,match_results_cleaned_exact,precision_initial_substring,precision_mapped_substring,precision_cleaned_substring,recall_initial_substring,recall_mapped_substring,recall_cleaned_substring,f1_initial_substring,f1_mapped_substring,f1_cleaned_substring,match_results_initial_substring,match_results_mapped_substring,match_results_cleaned_substring,precision_initial_fuzzy,precision_mapped_fuzzy,precision_cleaned_fuzzy,recall_initial_fuzzy,recall_mapped_fuzzy,recall_cleaned_fuzzy,f1_initial_fuzzy,f1_mapped_fuzzy,f1_cleaned_fuzzy,match_results_initial_fuzzy,match_results_mapped_fuzzy,match_results_cleaned_fuzzy
4,llama3-70b-8192,16.66,40,vrdu,fixed,1383,,no_schema,,709,STL,layout-aware,"20081001_Garvey, Schubert _ Barer_Amendment_Amendment.pdf","{'registrant_name': ['Garvey Schubert Barer'], 'registration_num': ['3047'], 'file_date': ['September 30, 2008'], 'signer_name': ['Harold G. Bailey, Jr.']}","{""file_date"": ""September 30, 2008"", ""foreign_principle_name"": ""Japan Fisheries Association"", ""registrant_name"": ""Garvey Schubert Barer"", ""registration_num"": ""3047"", ""signer_name"": ""Harold G. Bailey, Jr."", ""signer_title"": """"}","{'file_date': 'September 30, 2008', 'foreign_principle_name': 'Japan Fisheries Association', 'registrant_name': 'Garvey Schubert Barer', 'registration_num': '3047', 'signer_name': 'Harold G. Bailey, Jr.', 'signer_title': ''}","{'file_date': '2008-09-30', 'foreign_principle_name': 'Japan Fisheries Association', 'registrant_name': 'Garvey Schubert Barer', 'registration_num': '3047', 'signer_name': 'Harold G. Bailey, Jr.', 'signer_title': ''}","{'file_date': ['2008-09-30'], 'foreign_principle_name': '', 'registrant_name': ['Garvey Schubert Barer'], 'registration_num': ['3047'], 'signer_name': ['Harold G. Bailey, Jr.'], 'signer_title': ''}",1.0,1.0,1.0,1.0,1.0,1.0,1.0,1.0,1.0,"{'file_date': 1, 'registrant_name': 1, 'registration_num': 1, 'signer_name': 1}","{'file_date': 1, 'registrant_name': 1, 'registration_num': 1, 'signer_name': 1}","{'file_date': 1, 'registrant_name': 1, 'registration_num': 1, 'signer_name': 1}",1.0,1.0,1.0,1.0,1.0,1.0,1.0,1.0,1.0,"{'file_date': 1, 'registrant_name': 1, 'registration_num': 1, 'signer_name': 1}","{'file_date': 1, 'registrant_name': 1, 'registration_num': 1, 'signer_name': 1}","{'file_date': 1, 'registrant_name': 1, 'registration_num': 1, 'signer_name': 1}",0.6729559748427673,0.6729559748427673,0.7987421383647799,1.0,1.0,1.0,0.8045112781954886,0.8045112781954886,0.8881118881118881,"{'file_date': 1, 'registrant_name': 1, 'registration_num': 1, 'signer_name': 1}","{'file_date': 1, 'registrant_name': 1, 'registration_num': 1, 'signer_name': 1}","{'file_date': 1, 'registrant_name': 1, 'registration_num': 1, 'signer_name': 1}"
4,llama3-70b-8192,13.2,40,vrdu,fixed,1383,,no_schema,,721,STL,layout-aware,19961018_DLA Piper US LLP_Amendment_Amendment.pdf,"{'registration_num': ['3712'], 'registrant_name': ['Verner, Liipfert, Bernhard, McPherson\nand Hand, Chartered'], 'signer_name': ['Daniel Manatt'], 'file_date': ['1\nday of October\n1996']}","{""file_date"": ""October 1, 1996"", ""foreign_principle_name"": ""Government of Oman"", ""registrant_name"": ""Verner, Liipfert, Bernhard, McPherson and Hand, Chartered"", ""registration_num"": ""3712"", ""signer_name"": ""Todd"", ""signer_title"": ""Daniel Manatt""}","{'file_date': 'October 1, 1996', 'foreign_principle_name': 'Government of Oman', 'registrant_name': 'Verner, Liipfert, Bernhard, McPherson and Hand, Chartered', 'registration_num': '3712', 'signer_name': 'Todd', 'signer_title': 'Daniel Manatt'}","{'file_date': '1996-10-01', 'foreign_principle_name': 'Government Of Oman', 'registrant_name': 'Verner, Liipfert, Bernhard, Mcpherson And Hand, Chartered', 'registration_num': '3712', 'signer_name': 'Todd', 'signer_title': 'daniel manatt'}","{'file_date': ['1996-10-01'], 'foreign_principle_name': '', 'registrant_name': ['Verner, Liipfert, Bernhard, Mcpherson And Hand, Chartered'], 'registration_num': ['3712'], 'signer_name': ['Daniel Manatt'], 'signer_title': ''}",0.25,0.25,0.75,1.0,1.0,1.0,0.4,0.4,0.8571428571428571,"{'file_date': 0, 'registrant_name': 0, 'registration_num': 1, 'signer_name': 0}","{'file_date': 0, 'registrant_name': 0, 'registration_num': 1, 'signer_name': 0}","{'file_date': 1, 'registrant_name': 1, 'registration_num': 1, 'signer_name': 0}",0.25,0.25,0.75,1.0,1.0,1.0,0.4,0.4,0.8571428571428571,"{'file_date': 0, 'registrant_name': 0, 'registration_num': 1, 'signer_name': 0}","{'file_date': 0, 'registrant_name': 0, 'registration_num': 1, 'signer_name': 0}","{'file_date': 1, 'registrant_name': 1, 'registration_num': 1, 'signer_name': 0}",0.6729559748427673,0.6729559748427673,0.7987421383647799,1.0,1.0,1.0,0.8045112781954886,0.8045112781954886,0.8881118881118881,"{'file_date': 0, 'registrant_name': 1, 'registration_num': 1, 'signer_name': 0}","{'file_date': 0, 'registrant_name': 1, 'registration_num': 1, 'signer_name': 0}","{'file_date': 1, 'registrant_name': 1, 'registration_num': 1, 'signer_name': 0}"
4,llama3-70b-8192,16.13,40,vrdu,fixed,1383,,no_schema,,783,STL,layout-aware,"20120424_Pillsbury Winthrop Shaw Pittman, LLP_Amendment_Amendment.pdf","{'registrant_name': ['Pillsbury Winthrop Shaw Pittman LLP'], 'registration_num': ['5198'], 'file_date': ['April 24, 2012'], 'signer_name': ['Stephan E. Becker']}","{""file_date"": ""04/24/2012"", ""foreign_principle_name"": ""Secretaria de Economia (Secretariat of Economy)"", ""registrant_name"": ""Pillsbury Winthrop Shaw Pittman LLP"", ""registration_num"": ""5198"", ""signer_name"": ""Stephan E. Becker"", ""signer_title"": """"}","{'file_date': '04/24/2012', 'foreign_principle_name': 'Secretaria de Economia (Secretariat of Economy)', 'registrant_name': 'Pillsbury Winthrop Shaw Pittman LLP', 'registration_num': '5198', 'signer_name': 'Stephan E. Becker', 'signer_title': ''}","{'file_date': '2012-04-24', 'foreign_principle_name': 'Secretaria De Economia (secretariat Of Economy)', 'registrant_name': 'Pillsbury Winthrop Shaw Pittman Llp', 'registration_num': '5198', 'signer_name': 'Stephan E. Becker', 'signer_title': ''}","{'file_date': ['2012-04-24'], 'foreign_principle_name': '', 'registrant_name': ['Pillsbury Winthrop Shaw Pittman Llp'], 'registration_num': ['5198'], 'signer_name': ['Stephan E. Becker'], 'signer_title': ''}",0.75,0.75,1.0,1.0,1.0,1.0,0.8571428571428571,0.8571428571428571,1.0,"{'file_date': 0, 'registrant_name': 1, 'registration_num': 1, 'signer_name': 1}","{'file_date': 0, 'registrant_name': 1, 'registration_num': 1, 'signer_name': 1}","{'file_date': 1, 'registrant_name': 1, 'registration_num': 1, 'signer_name': 1}",0.75,0.75,1.0,1.0,1.0,1.0,0.8571428571428571,0.8571428571428571,1.0,"{'file_date': 0, 'registrant_name': 1, 'registration_num': 1, 'signer_name': 1}","{'file_date': 0, 'registrant_name': 1, 'registration_num': 1, 'signer_name': 1}","{'file_date': 1, 'registrant_name': 1, 'registration_num': 1, 'signer_name': 1}",0.6729559748427673,0.6729559748427673,0.7987421383647799,1.0,1.0,1.0,0.8045112781954886,0.8045112781954886,0.8881118881118881,"{'file_date': 0, 'registrant_name': 1, 'registration_num': 1, 'signer_name': 1}","{'file_date': 0, 'registrant_name': 1, 'registration_num': 1, 'signer_name': 1}","{'file_date': 1, 'registrant_name': 1, 'registration_num': 1, 'signer_name': 1}"
4,llama3-70b-8192,17.06,40,vrdu,fixed,1383,,no_schema,,982,STL,layout-aware,"20171116_Wiley Rein, LLP_Amendment_Amendment.pdf","{'registrant_name': ['Wiley Rein LLP'], 'registration_num': ['6108'], 'file_date': ['How\n17.2017'], 'signer_name': ['JIM SLATTERS']}","{""file_date"": ""11/16/2017"", ""foreign_principle_name"": """", ""registrant_name"": ""Wiley Rein LLP"", ""registration_num"": ""6108"", ""signer_name"": ""Jim Slattery"", ""signer_title"": """"}","{'file_date': '11/16/2017', 'foreign_principle_name': '', 'registrant_name': 'Wiley Rein LLP', 'registration_num': '6108', 'signer_name': 'Jim Slattery', 'signer_title': ''}","{'file_date': '2017-11-16', 'foreign_principle_name': '', 'registrant_name': 'Wiley Rein Llp', 'registration_num': '6108', 'signer_name': 'Jim Slattery', 'signer_title': ''}","{'file_date': ['how 17.2017'], 'foreign_principle_name': '', 'registrant_name': ['Wiley Rein Llp'], 'registration_num': ['6108'], 'signer_name': ['Jim Slatters'], 'signer_title': ''}",0.5,0.5,0.5,1.0,1.0,1.0,0.6666666666666666,0.6666666666666666,0.6666666666666666,"{'file_date': 0, 'registrant_name': 1, 'registration_num': 1, 'signer_name': 0}","{'file_date': 0, 'registrant_name': 1, 'registration_num': 1, 'signer_name': 0}","{'file_date': 0, 'registrant_name': 1, 'registration_num': 1, 'signer_name': 0}",0.5,0.5,0.5,1.0,1.0,1.0,0.6666666666666666,0.6666666666666666,0.6666666666666666,"{'file_date': 0, 'registrant_name': 1, 'registration_num': 1, 'signer_name': 0}","{'file_date': 0, 'registrant_name': 1, 'registration_num': 1, 'signer_name': 0}","{'file_date': 0, 'registrant_name': 1, 'registration_num': 1, 'signer_name': 0}",0.6729559748427673,0.6729559748427673,0.7987421383647799,1.0,1.0,1.0,0.8045112781954886,0.8045112781954886,0.8881118881118881,"{'file_date': 0, 'registrant_name': 1, 'registration_num': 1, 'signer_name': 0}","{'file_date': 0, 'registrant_name': 1, 'registration_num': 1, 'signer_name': 0}","{'file_date': 0, 'registrant_name': 1, 'registration_num': 1, 'signer_name': 1}"
4,llama3-70b-8192,13.68,40,vrdu,fixed,1383,,no_schema,,772,STL,layout-aware,"20150105_Squire Patton Boggs, LLP_Amendment_Amendment.pdf","{'registrant_name': ['Squire Patton Boggs (US) LLP'], 'registration_num': ['2165'], 'signer_name': ['Edward J. Newberry'], 'file_date': ['January 05, 2015']}","{""file_date"": ""01/05/2015"", ""foreign_principle_name"": ""('The Government of Georgia', 'The Government of Kosovo')"", ""registrant_name"": ""Squire Patton Boggs (US) LLP"", ""registration_num"": ""2165"", ""signer_name"": ""Edward J. Newberry"", ""signer_title"": """"}","{'file_date': '01/05/2015', 'foreign_principle_name': ""('The Government of Georgia', 'The Government of Kosovo')"", 'registrant_name': 'Squire Patton Boggs (US) LLP', 'registration_num': '2165', 'signer_name': 'Edward J. Newberry', 'signer_title': ''}","{'file_date': '2015-01-05', 'foreign_principle_name': ""('the Government Of Georgia', 'the Government Of Kosovo')"", 'registrant_name': 'Squire Patton Boggs (us) Llp', 'registration_num': '2165', 'signer_name': 'Edward J. Newberry', 'signer_title': ''}","{'file_date': ['2015-01-05'], 'foreign_principle_name': '', 'registrant_name': ['Squire Patton Boggs (us) Llp'], 'registration_num': ['2165'], 'signer_name': ['Edward J. Newberry'], 'signer_title': ''}",0.75,0.75,1.0,1.0,1.0,1.0,0.8571428571428571,0.8571428571428571,1.0,"{'file_date': 0, 'registrant_name': 1, 'registration_num': 1, 'signer_name': 1}","{'file_date': 0, 'registrant_name': 1, 'registration_num': 1, 'signer_name': 1}","{'file_date': 1, 'registrant_name': 1, 'registration_num': 1, 'signer_name': 1}",0.75,0.75,1.0,1.0,1.0,1.0,0.8571428571428571,0.8571428571428571,1.0,"{'file_date': 0, 'registrant_name': 1, 'registration_num': 1, 'signer_name': 1}","{'file_date': 0, 'registrant_name': 1, 'registration_num': 1, 'signer_name': 1}","{'file_date': 1, 'registrant_name': 1, 'registration_num': 1, 'signer_name': 1}",0.6729559748427673,0.6729559748427673,0.7987421383647799,1.0,1.0,1.0,0.8045112781954886,0.8045112781954886,0.8881118881118881,"{'file_date': 0, 'registrant_name': 1, 'registration_num': 1, 'signer_name': 1}","{'file_date': 0, 'registrant_name': 1, 'registration_num': 1, 'signer_name': 1}","{'file_date': 1, 'registrant_name': 1, 'registration_num': 1, 'signer_name': 1}"
4,llama3-70b-8192,12.88,40,vrdu,fixed,1383,,no_schema,,713,STL,layout-aware,"20090930_Garvey, Schubert _ Barer_Amendment_Amendment.pdf","{'registration_num': ['3047'], 'registrant_name': ['Garvey Schubert Barer'], 'file_date': ['September 30, 2009'], 'signer_name': ['Harold G. Bailey, Jr.']}","{""file_date"": ""September 30, 2009"", ""foreign_principle_name"": ""Japan Fisheries Association"", ""registrant_name"": ""Garvey Schubert Barer"", ""registration_num"": ""3047"", ""signer_name"": ""Harold G. Bailey, Jr."", ""signer_title"": """"}","{'file_date': 'September 30, 2009', 'foreign_principle_name': 'Japan Fisheries Association', 'registrant_name': 'Garvey Schubert Barer', 'registration_num': '3047', 'signer_name': 'Harold G. Bailey, Jr.', 'signer_title': ''}","{'file_date': '2009-09-30', 'foreign_principle_name': 'Japan Fisheries Association', 'registrant_name': 'Garvey Schubert Barer', 'registration_num': '3047', 'signer_name': 'Harold G. Bailey, Jr.', 'signer_title': ''}","{'file_date': ['2009-09-30'], 'foreign_principle_name': '', 'registrant_name': ['Garvey Schubert Barer'], 'registration_num': ['3047'], 'signer_name': ['Harold G. Bailey, Jr.'], 'signer_title': ''}",1.0,1.0,1.0,1.0,1.0,1.0,1.0,1.0,1.0,"{'file_date': 1, 'registrant_name': 1, 'registration_num': 1, 'signer_name': 1}","{'file_date': 1, 'registrant_name': 1, 'registration_num': 1, 'signer_name': 1}","{'file_date': 1, 'registrant_name': 1, 'registration_num': 1, 'signer_name': 1}",1.0,1.0,1.0,1.0,1.0,1.0,1.0,1.0,1.0,"{'file_date': 1, 'registrant_name': 1, 'registration_num': 1, 'signer_name': 1}","{'file_date': 1, 'registrant_name': 1, 'registration_num': 1, 'signer_name': 1}","{'file_date': 1, 'registrant_name': 1, 'registration_num': 1, 'signer_name': 1}",0.6729559748427673,0.6729559748427673,0.7987421383647799,1.0,1.0,1.0,0.8045112781954886,0.8045112781954886,0.8881118881118881,"{'file_date': 1, 'registrant_name': 1, 'registration_num': 1, 'signer_name': 1}","{'file_date': 1, 'registrant_name': 1, 'registration_num': 1, 'signer_name': 1}","{'file_date': 1, 'registrant_name': 1, 'registration_num': 1, 'signer_name': 1}"
4,llama3-70b-8192,16.5,40,vrdu,fixed,1383,,no_schema,,349,STL,layout-aware,19710401_Netherlands Board of Tourism and Conventions (NBTC)_Amendment_Amendment.pdf,"{'registrant_name': ['Mr. John G. Bertram\nDirector for North America'], 'registration_num': ['619'], 'file_date': ['day of\n19 //\nWEETHAM ETROGLIE']}","{""file_date"": ""Oct. 31, 1971"", ""foreign_principle_name"": ""The Netherlands National Tourist Office"", ""registrant_name"": ""The Netherlands National Tourist Office"", ""registration_num"": ""43-R226.5"", ""signer_name"": ""Mr. John G. Bertram"", ""signer_title"": ""Director for North America""}","{'file_date': 'Oct. 31, 1971', 'foreign_principle_name': 'The Netherlands National Tourist Office', 'registrant_name': 'The Netherlands National Tourist Office', 'registration_num': '43-R226.5', 'signer_name': 'Mr. John G. Bertram', 'signer_title': 'Director for North America'}","{'file_date': '1971-10-31', 'foreign_principle_name': 'The Netherlands National Tourist Office', 'registrant_name': 'The Netherlands National Tourist Office', 'registration_num': '432265', 'signer_name': 'Mr. John G. Bertram', 'signer_title': 'director for north america'}","{'file_date': ['day of 19 // weetham etroglie'], 'foreign_principle_name': '', 'registrant_name': ['Mr. John G. Bertram Director For North America'], 'registration_num': ['619'], 'signer_name': '', 'signer_title': ''}",0.0,0.0,0.0,0.0,0.0,0.0,0.0,0.0,0.0,"{'file_date': 0, 'registrant_name': 0, 'registration_num': 0}","{'file_date': 0, 'registrant_name': 0, 'registration_num': 0}","{'file_date': 0, 'registrant_name': 0, 'registration_num': 0}",0.0,0.0,0.0,0.0,0.0,0.0,0.0,0.0,0.0,"{'file_date': 0, 'registrant_name': 0, 'registration_num': 0}","{'file_date': 0, 'registrant_name': 0, 'registration_num': 0}","{'file_date': 0, 'registrant_name': 0, 'registration_num': 0}",0.6729559748427673,0.6729559748427673,0.7987421383647799,1.0,1.0,1.0,0.8045112781954886,0.8045112781954886,0.8881118881118881,"{'file_date': 0, 'registrant_name': 0, 'registration_num': 0}","{'file_date': 0, 'registrant_name': 0, 'registration_num': 0}","{'file_date': 0, 'registrant_name': 0, 'registration_num': 0}"
4,llama3-70b-8192,16.15,40,vrdu,fixed,1383,,no_schema,,746,STL,layout-aware,"20170815_Pillsbury Winthrop Shaw Pittman, LLP_Amendment_Amendment.pdf","{'registrant_name': ['Pillsbury Winthrop Shaw Pittman LLP'], 'registration_num': ['5198'], 'file_date': ['August 15, 2017'], 'signer_name': ['Stephan E. Becker']}","{""file_date"": ""08/15/2017"", ""foreign_principle_name"": ""Government of Georgia"", ""registrant_name"": ""Pillsbury Winthrop Shaw Pittman LLP"", ""registration_num"": ""5198"", ""signer_name"": ""Stephan E. Becker"", ""signer_title"": """"}","{'file_date': '08/15/2017', 'foreign_principle_name': 'Government of Georgia', 'registrant_name': 'Pillsbury Winthrop Shaw Pittman LLP', 'registration_num': '5198', 'signer_name': 'Stephan E. Becker', 'signer_title': ''}","{'file_date': '2017-08-15', 'foreign_principle_name': 'Government Of Georgia', 'registrant_name': 'Pillsbury Winthrop Shaw Pittman Llp', 'registration_num': '5198', 'signer_name': 'Stephan E. Becker', 'signer_title': ''}","{'file_date': ['2017-08-15'], 'foreign_principle_name': '', 'registrant_name': ['Pillsbury Winthrop Shaw Pittman Llp'], 'registration_num': ['5198'], 'signer_name': ['Stephan E. Becker'], 'signer_title': ''}",0.75,0.75,1.0,1.0,1.0,1.0,0.8571428571428571,0.8571428571428571,1.0,"{'file_date': 0, 'registrant_name': 1, 'registration_num': 1, 'signer_name': 1}","{'file_date': 0, 'registrant_name': 1, 'registration_num': 1, 'signer_name': 1}","{'file_date': 1, 'registrant_name': 1, 'registration_num': 1, 'signer_name': 1}",0.75,0.75,1.0,1.0,1.0,1.0,0.8571428571428571,0.8571428571428571,1.0,"{'file_date': 0, 'registrant_name': 1, 'registration_num': 1, 'signer_name': 1}","{'file_date': 0, 'registrant_name': 1, 'registration_num': 1, 'signer_name': 1}","{'file_date': 1, 'registrant_name': 1, 'registration_num': 1, 'signer_name': 1}",0.6729559748427673,0.6729559748427673,0.7987421383647799,1.0,1.0,1.0,0.8045112781954886,0.8045112781954886,0.8881118881118881,"{'file_date': 0, 'registrant_name': 1, 'registration_num': 1, 'signer_name': 1}","{'file_date': 0, 'registrant_name': 1, 'registration_num': 1, 'signer_name': 1}","{'file_date': 1, 'registrant_name': 1, 'registration_num': 1, 'signer_name': 1}"
4,llama3-70b-8192,16.7,40,vrdu,fixed,1383,,no_schema,,591,STL,layout-aware,"19920201_Sidley Austin, LLP_Amendment_Amendment.pdf","{'registration_num': ['3731'], 'registrant_name': ['Sidley & Austin'], 'file_date': ['26\nday of\nFeber\nbruary .192']}","{""file_date"": ""1995-11-30"", ""foreign_principle_name"": ""('Moscow Narodny Bank', 'the Government of the Cayman Islands')"", ""registrant_name"": ""Sidley & Austin"", ""registration_num"": ""3731"", ""signer_name"": """", ""signer_title"": """"}","{'file_date': '1995-11-30', 'foreign_principle_name': ""('Moscow Narodny Bank', 'the Government of the Cayman Islands')"", 'registrant_name': 'Sidley & Austin', 'registration_num': '3731', 'signer_name': '', 'signer_title': ''}","{'file_date': '1995-11-30', 'foreign_principle_name': ""('moscow Narodny Bank', 'the Government Of The Cayman Islands')"", 'registrant_name': 'Sidley & Austin', 'registration_num': '3731', 'signer_name': '', 'signer_title': ''}","{'file_date': ['26 day of feber bruary .192'], 'foreign_principle_name': '', 'registrant_name': ['Sidley & Austin'], 'registration_num': ['3731'], 'signer_name': '', 'signer_title': ''}",0.6666666666666666,0.6666666666666666,0.6666666666666666,1.0,1.0,1.0,0.8,0.8,0.8,"{'file_date': 0, 'registrant_name': 1, 'registration_num': 1}","{'file_date': 0, 'registrant_name': 1, 'registration_num': 1}","{'file_date': 0, 'registrant_name': 1, 'registration_num': 1}",0.6666666666666666,0.6666666666666666,0.6666666666666666,1.0,1.0,1.0,0.8,0.8,0.8,"{'file_date': 0, 'registrant_name': 1, 'registration_num': 1}","{'file_date': 0, 'registrant_name': 1, 'registration_num': 1}","{'file_date': 0, 'registrant_name': 1, 'registration_num': 1}",0.6729559748427673,0.6729559748427673,0.7987421383647799,1.0,1.0,1.0,0.8045112781954886,0.8045112781954886,0.8881118881118881,"{'file_date': 0, 'registrant_name': 1, 'registration_num': 1}","{'file_date': 0, 'registrant_name': 1, 'registration_num': 1}","{'file_date': 0, 'registrant_name': 1, 'registration_num': 1}"
4,llama3-70b-8192,13.27,40,vrdu,fixed,1383,,no_schema,,701,STL,layout-aware,"20150530_Parvin, C. Landon_Amendment_Amendment.pdf","{'registration_num': ['6194'], 'registrant_name': ['C. Landon Parvin'], 'file_date': ['5/30/2015'], 'signer_name': ['C. Landon Parvin']}","{""file_date"": ""05/30/2015"", ""foreign_principle_name"": ""Embassy of Japan"", ""registrant_name"": ""C. Landon Parvin"", ""registration_num"": ""6194"", ""signer_name"": ""C. Landon Parvin"", ""signer_title"": """"}","{'file_date': '05/30/2015', 'foreign_principle_name': 'Embassy of Japan', 'registrant_name': 'C. Landon Parvin', 'registration_num': '6194', 'signer_name': 'C. Landon Parvin', 'signer_title': ''}","{'file_date': '2015-05-30', 'foreign_principle_name': 'Embassy Of Japan', 'registrant_name': 'C. Landon Parvin', 'registration_num': '6194', 'signer_name': 'C. Landon Parvin', 'signer_title': ''}","{'file_date': ['2015-05-30'], 'foreign_principle_name': '', 'registrant_name': ['C. Landon Parvin'], 'registration_num': ['6194'], 'signer_name': ['C. Landon Parvin'], 'signer_title': ''}",0.75,0.75,1.0,1.0,1.0,1.0,0.8571428571428571,0.8571428571428571,1.0,"{'file_date': 0, 'registrant_name': 1, 'registration_num': 1, 'signer_name': 1}","{'file_date': 0, 'registrant_name': 1, 'registration_num': 1, 'signer_name': 1}","{'file_date': 1, 'registrant_name': 1, 'registration_num': 1, 'signer_name': 1}",1.0,1.0,1.0,1.0,1.0,1.0,1.0,1.0,1.0,"{'file_date': 1, 'registrant_name': 1, 'registration_num': 1, 'signer_name': 1}","{'file_date': 1, 'registrant_name': 1, 'registration_num': 1, 'signer_name': 1}","{'file_date': 1, 'registrant_name': 1, 'registration_num': 1, 'signer_name': 1}",0.6729559748427673,0.6729559748427673,0.7987421383647799,1.0,1.0,1.0,0.8045112781954886,0.8045112781954886,0.8881118881118881,"{'file_date': 0, 'registrant_name': 1, 'registration_num': 1, 'signer_name': 1}","{'file_date': 0, 'registrant_name': 1, 'registration_num': 1, 'signer_name': 1}","{'file_date': 1, 'registrant_name': 1, 'registration_num': 1, 'signer_name': 1}"
4,llama3-70b-8192,17.1,40,vrdu,fixed,1383,,no_schema,,760,STL,layout-aware,"20150203_Burson-Marsteller, LLC (Miami Office)_Amendment_Amendment.pdf","{'registrant_name': ['Burson-Marsteller, LLC'], 'registration_num': ['6223'], 'file_date': ['01/19/15'], 'signer_name': ['Claudia Gioia']}","{""file_date"": ""02/03/2015"", ""foreign_principle_name"": ""Comision para la Promocion de la Alianza Publico-Privada (COALIANZA)"", ""registrant_name"": ""Burson-Marsteller, LLC"", ""registration_num"": ""6223"", ""signer_name"": ""Claudia Gioia"", ""signer_title"": """"}","{'file_date': '02/03/2015', 'foreign_principle_name': 'Comision para la Promocion de la Alianza Publico-Privada (COALIANZA)', 'registrant_name': 'Burson-Marsteller, LLC', 'registration_num': '6223', 'signer_name': 'Claudia Gioia', 'signer_title': ''}","{'file_date': '2015-02-03', 'foreign_principle_name': 'Comision Para La Promocion De La Alianza Publico-privada (coalianza)', 'registrant_name': 'Burson-marsteller, Llc', 'registration_num': '6223', 'signer_name': 'Claudia Gioia', 'signer_title': ''}","{'file_date': ['2015-01-19'], 'foreign_principle_name': '', 'registrant_name': ['Burson-marsteller, Llc'], 'registration_num': ['6223'], 'signer_name': ['Claudia Gioia'], 'signer_title': ''}",0.75,0.75,0.75,1.0,1.0,1.0,0.8571428571428571,0.8571428571428571,0.8571428571428571,"{'file_date': 0, 'registrant_name': 1, 'registration_num': 1, 'signer_name': 1}","{'file_date': 0, 'registrant_name': 1, 'registration_num': 1, 'signer_name': 1}","{'file_date': 0, 'registrant_name': 1, 'registration_num': 1, 'signer_name': 1}",0.75,0.75,0.75,1.0,1.0,1.0,0.8571428571428571,0.8571428571428571,0.8571428571428571,"{'file_date': 0, 'registrant_name': 1, 'registration_num': 1, 'signer_name': 1}","{'file_date': 0, 'registrant_name': 1, 'registration_num': 1, 'signer_name': 1}","{'file_date': 0, 'registrant_name': 1, 'registration_num': 1, 'signer_name': 1}",0.6729559748427673,0.6729559748427673,0.7987421383647799,1.0,1.0,1.0,0.8045112781954886,0.8045112781954886,0.8881118881118881,"{'file_date': 0, 'registrant_name': 1, 'registration_num': 1, 'signer_name': 1}","{'file_date': 0, 'registrant_name': 1, 'registration_num': 1, 'signer_name': 1}","{'file_date': 0, 'registrant_name': 1, 'registration_num': 1, 'signer_name': 1}"
4,llama3-70b-8192,13.24,40,vrdu,fixed,1383,,no_schema,,624,STL,layout-aware,"20020611_CMGRP, Inc._Amendment_Amendment.pdf","{'registration_num': ['3911'], 'registrant_name': ['BSMG Worldwide'], 'file_date': ['3/28/02'], 'signer_name': ['Lance Morgan']}","{""file_date"": ""3/28/02"", ""foreign_principle_name"": """", ""registrant_name"": ""BSMG Worldwide"", ""registration_num"": ""3911"", ""signer_name"": ""Lance Morgan"", ""signer_title"": """"}","{'file_date': '3/28/02', 'foreign_principle_name': '', 'registrant_name': 'BSMG Worldwide', 'registration_num': '3911', 'signer_name': 'Lance Morgan', 'signer_title': ''}","{'file_date': '2002-03-28', 'foreign_principle_name': '', 'registrant_name': 'Bsmg Worldwide', 'registration_num': '3911', 'signer_name': 'Lance Morgan', 'signer_title': ''}","{'file_date': ['2002-03-28'], 'foreign_principle_name': '', 'registrant_name': ['Bsmg Worldwide'], 'registration_num': ['3911'], 'signer_name': ['Lance Morgan'], 'signer_title': ''}",1.0,1.0,1.0,1.0,1.0,1.0,1.0,1.0,1.0,"{'file_date': 1, 'registrant_name': 1, 'registration_num': 1, 'signer_name': 1}","{'file_date': 1, 'registrant_name': 1, 'registration_num': 1, 'signer_name': 1}","{'file_date': 1, 'registrant_name': 1, 'registration_num': 1, 'signer_name': 1}",1.0,1.0,1.0,1.0,1.0,1.0,1.0,1.0,1.0,"{'file_date': 1, 'registrant_name': 1, 'registration_num': 1, 'signer_name': 1}","{'file_date': 1, 'registrant_name': 1, 'registration_num': 1, 'signer_name': 1}","{'file_date': 1, 'registrant_name': 1, 'registration_num': 1, 'signer_name': 1}",0.6729559748427673,0.6729559748427673,0.7987421383647799,1.0,1.0,1.0,0.8045112781954886,0.8045112781954886,0.8881118881118881,"{'file_date': 1, 'registrant_name': 1, 'registration_num': 1, 'signer_name': 1}","{'file_date': 1, 'registrant_name': 1, 'registration_num': 1, 'signer_name': 1}","{'file_date': 1, 'registrant_name': 1, 'registration_num': 1, 'signer_name': 1}"
4,llama3-70b-8192,16.4,40,vrdu,fixed,1383,,no_schema,,623,STL,layout-aware,"20070613_Pillsbury Winthrop Shaw Pittman, LLP_Amendment_Amendment.pdf","{'registration_num': ['5198'], 'registrant_name': ['Pillsbury Winthrop Shaw Pittman LLP'], 'signer_name': ['Stephan E. Becker'], 'file_date': ['June 12, 2007']}","{""file_date"": ""June 12, 2007"", ""foreign_principle_name"": ""Bangladesh Nationalist Party"", ""registrant_name"": ""Pillsbury Winthrop Shaw Pittman LLP"", ""registration_num"": ""5198"", ""signer_name"": ""Stephan E. Becker"", ""signer_title"": """"}","{'file_date': 'June 12, 2007', 'foreign_principle_name': 'Bangladesh Nationalist Party', 'registrant_name': 'Pillsbury Winthrop Shaw Pittman LLP', 'registration_num': '5198', 'signer_name': 'Stephan E. Becker', 'signer_title': ''}","{'file_date': '2007-06-12', 'foreign_principle_name': 'Bangladesh Nationalist Party', 'registrant_name': 'Pillsbury Winthrop Shaw Pittman Llp', 'registration_num': '5198', 'signer_name': 'Stephan E. Becker', 'signer_title': ''}","{'file_date': ['2007-06-12'], 'foreign_principle_name': '', 'registrant_name': ['Pillsbury Winthrop Shaw Pittman Llp'], 'registration_num': ['5198'], 'signer_name': ['Stephan E. Becker'], 'signer_title': ''}",1.0,1.0,1.0,1.0,1.0,1.0,1.0,1.0,1.0,"{'file_date': 1, 'registrant_name': 1, 'registration_num': 1, 'signer_name': 1}","{'file_date': 1, 'registrant_name': 1, 'registration_num': 1, 'signer_name': 1}","{'file_date': 1, 'registrant_name': 1, 'registration_num': 1, 'signer_name': 1}",1.0,1.0,1.0,1.0,1.0,1.0,1.0,1.0,1.0,"{'file_date': 1, 'registrant_name': 1, 'registration_num': 1, 'signer_name': 1}","{'file_date': 1, 'registrant_name': 1, 'registration_num': 1, 'signer_name': 1}","{'file_date': 1, 'registrant_name': 1, 'registration_num': 1, 'signer_name': 1}",0.6729559748427673,0.6729559748427673,0.7987421383647799,1.0,1.0,1.0,0.8045112781954886,0.8045112781954886,0.8881118881118881,"{'file_date': 1, 'registrant_name': 1, 'registration_num': 1, 'signer_name': 1}","{'file_date': 1, 'registrant_name': 1, 'registration_num': 1, 'signer_name': 1}","{'file_date': 1, 'registrant_name': 1, 'registration_num': 1, 'signer_name': 1}"
4,llama3-70b-8192,12.79,40,vrdu,fixed,1383,,no_schema,,906,STL,layout-aware,"20180123_Fleishman-Hillard, Inc._Amendment_Amendment.pdf","{'registration_num': ['5801'], 'registrant_name': ['Fleishman-Hillard Inc.'], 'file_date': ['1/23/2018'], 'signer_name': ['Kelly R. Garner'], 'signer_title': ['Senior Vice President, Senior Partner\n& Corporate Controller']}","{""file_date"": ""01/23/2018"", ""foreign_principle_name"": """", ""registrant_name"": ""Fleishman-Hillard Inc."", ""registration_num"": ""5801"", ""signer_name"": ""Kalling- Kelly R. Garner"", ""signer_title"": ""Senior Vice President, Senior Partner & Corporate Controller""}","{'file_date': '01/23/2018', 'foreign_principle_name': '', 'registrant_name': 'Fleishman-Hillard Inc.', 'registration_num': '5801', 'signer_name': 'Kalling- Kelly R. Garner', 'signer_title': 'Senior Vice President, Senior Partner & Corporate Controller'}","{'file_date': '2018-01-23', 'foreign_principle_name': '', 'registrant_name': 'Fleishman-hillard Inc.', 'registration_num': '5801', 'signer_name': 'Kalling- Kelly R. Garner', 'signer_title': 'senior vice president, senior partner & corporate controller'}","{'file_date': ['2018-01-23'], 'foreign_principle_name': '', 'registrant_name': ['Fleishman-hillard Inc.'], 'registration_num': ['5801'], 'signer_name': ['Kelly R. Garner'], 'signer_title': ['senior vice president, senior partner & corporate controller']}",0.4,0.4,0.8,1.0,1.0,1.0,0.5714285714285715,0.5714285714285715,0.888888888888889,"{'file_date': 0, 'registrant_name': 1, 'registration_num': 1, 'signer_name': 0, 'signer_title': 0}","{'file_date': 0, 'registrant_name': 1, 'registration_num': 1, 'signer_name': 0, 'signer_title': 0}","{'file_date': 1, 'registrant_name': 1, 'registration_num': 1, 'signer_name': 0, 'signer_title': 1}",0.8,0.8,1.0,1.0,1.0,1.0,0.888888888888889,0.888888888888889,1.0,"{'file_date': 1, 'registrant_name': 1, 'registration_num': 1, 'signer_name': 1, 'signer_title': 0}","{'file_date': 1, 'registrant_name': 1, 'registration_num': 1, 'signer_name': 1, 'signer_title': 0}","{'file_date': 1, 'registrant_name': 1, 'registration_num': 1, 'signer_name': 1, 'signer_title': 1}",0.6729559748427673,0.6729559748427673,0.7987421383647799,1.0,1.0,1.0,0.8045112781954886,0.8045112781954886,0.8881118881118881,"{'file_date': 0, 'registrant_name': 1, 'registration_num': 1, 'signer_name': 0, 'signer_title': 1}","{'file_date': 0, 'registrant_name': 1, 'registration_num': 1, 'signer_name': 0, 'signer_title': 1}","{'file_date': 1, 'registrant_name': 1, 'registration_num': 1, 'signer_name': 0, 'signer_title': 1}"
4,llama3-70b-8192,15.09,40,vrdu,fixed,1383,,no_schema,,763,STL,layout-aware,"20120604_Squire Patton Boggs, LLP_Amendment_Amendment.pdf","{'registrant_name': ['Patton Boggs LLP'], 'registration_num': ['2165'], 'file_date': ['June 04, 2012'], 'signer_name': ['Edward J. Newberry']}","{""file_date"": ""06/04/2012"", ""foreign_principle_name"": ""Interim Transitional National Council of Libya"", ""registrant_name"": ""Patton Boggs LLP"", ""registration_num"": ""2165"", ""signer_name"": ""Edward J. Newberry"", ""signer_title"": """"}","{'file_date': '06/04/2012', 'foreign_principle_name': 'Interim Transitional National Council of Libya', 'registrant_name': 'Patton Boggs LLP', 'registration_num': '2165', 'signer_name': 'Edward J. Newberry', 'signer_title': ''}","{'file_date': '2012-06-04', 'foreign_principle_name': 'Interim Transitional National Council Of Libya', 'registrant_name': 'Patton Boggs Llp', 'registration_num': '2165', 'signer_name': 'Edward J. Newberry', 'signer_title': ''}","{'file_date': ['2012-06-04'], 'foreign_principle_name': '', 'registrant_name': ['Patton Boggs Llp'], 'registration_num': ['2165'], 'signer_name': ['Edward J. Newberry'], 'signer_title': ''}",0.75,0.75,1.0,1.0,1.0,1.0,0.8571428571428571,0.8571428571428571,1.0,"{'file_date': 0, 'registrant_name': 1, 'registration_num': 1, 'signer_name': 1}","{'file_date': 0, 'registrant_name': 1, 'registration_num': 1, 'signer_name': 1}","{'file_date': 1, 'registrant_name': 1, 'registration_num': 1, 'signer_name': 1}",0.75,0.75,1.0,1.0,1.0,1.0,0.8571428571428571,0.8571428571428571,1.0,"{'file_date': 0, 'registrant_name': 1, 'registration_num': 1, 'signer_name': 1}","{'file_date': 0, 'registrant_name': 1, 'registration_num': 1, 'signer_name': 1}","{'file_date': 1, 'registrant_name': 1, 'registration_num': 1, 'signer_name': 1}",0.6729559748427673,0.6729559748427673,0.7987421383647799,1.0,1.0,1.0,0.8045112781954886,0.8045112781954886,0.8881118881118881,"{'file_date': 0, 'registrant_name': 1, 'registration_num': 1, 'signer_name': 1}","{'file_date': 0, 'registrant_name': 1, 'registration_num': 1, 'signer_name': 1}","{'file_date': 1, 'registrant_name': 1, 'registration_num': 1, 'signer_name': 1}"
4,llama3-70b-8192,15.15,40,vrdu,fixed,1383,,no_schema,,742,STL,layout-aware,20110527_Monaco Government Tourist Office_Amendment_Amendment.pdf,"{'registration_num': ['2327'], 'registrant_name': ['Monaco Government Tourist Office'], 'file_date': ['05/24/2011'], 'signer_name': ['MAGUY MACCARIO-BOYLE']}","{""file_date"": ""2011 MAY 27 AM 7:31"", ""foreign_principle_name"": ""('Direction du Tourisme et des Congres (DTC)',)"", ""registrant_name"": ""Monaco Government Tourist Office"", ""registration_num"": ""2327"", ""signer_name"": ""MAGUY MACCARIO-BOYLE"", ""signer_title"": """"}","{'file_date': '2011 MAY 27 AM 7:31', 'foreign_principle_name': ""('Direction du Tourisme et des Congres (DTC)',)"", 'registrant_name': 'Monaco Government Tourist Office', 'registration_num': '2327', 'signer_name': 'MAGUY MACCARIO-BOYLE', 'signer_title': ''}","{'file_date': '2011-05-24', 'foreign_principle_name': ""('direction Du Tourisme Et Des Congres (dtc)',)"", 'registrant_name': 'Monaco Government Tourist Office', 'registration_num': '2327', 'signer_name': 'Maguy Maccario-boyle', 'signer_title': ''}","{'file_date': ['2011-05-24'], 'foreign_principle_name': '', 'registrant_name': ['Monaco Government Tourist Office'], 'registration_num': ['2327'], 'signer_name': ['Maguy Maccario-boyle'], 'signer_title': ''}",0.75,0.75,1.0,1.0,1.0,1.0,0.8571428571428571,0.8571428571428571,1.0,"{'file_date': 0, 'registrant_name': 1, 'registration_num': 1, 'signer_name': 1}","{'file_date': 0, 'registrant_name': 1, 'registration_num': 1, 'signer_name': 1}","{'file_date': 1, 'registrant_name': 1, 'registration_num': 1, 'signer_name': 1}",0.75,0.75,1.0,1.0,1.0,1.0,0.8571428571428571,0.8571428571428571,1.0,"{'file_date': 0, 'registrant_name': 1, 'registration_num': 1, 'signer_name': 1}","{'file_date': 0, 'registrant_name': 1, 'registration_num': 1, 'signer_name': 1}","{'file_date': 1, 'registrant_name': 1, 'registration_num': 1, 'signer_name': 1}",0.6729559748427673,0.6729559748427673,0.7987421383647799,1.0,1.0,1.0,0.8045112781954886,0.8045112781954886,0.8881118881118881,"{'file_date': 0, 'registrant_name': 1, 'registration_num': 1, 'signer_name': 1}","{'file_date': 0, 'registrant_name': 1, 'registration_num': 1, 'signer_name': 1}","{'file_date': 1, 'registrant_name': 1, 'registration_num': 1, 'signer_name': 1}"
4,llama3-70b-8192,15.07,40,vrdu,fixed,1383,,no_schema,,764,STL,layout-aware,"20130815_Squire Patton Boggs, LLP_Amendment_Amendment.pdf","{'registrant_name': ['Patton Boggs LLP'], 'registration_num': ['2165'], 'signer_name': ['Edward J. Newberry'], 'file_date': ['August 15, 2013']}","{""file_date"": ""08/15/2013"", ""foreign_principle_name"": ""Banque du Liban"", ""registrant_name"": ""Patton Boggs LLP"", ""registration_num"": ""2165"", ""signer_name"": ""Edward J. Newberry"", ""signer_title"": """"}","{'file_date': '08/15/2013', 'foreign_principle_name': 'Banque du Liban', 'registrant_name': 'Patton Boggs LLP', 'registration_num': '2165', 'signer_name': 'Edward J. Newberry', 'signer_title': ''}","{'file_date': '2013-08-15', 'foreign_principle_name': 'Banque Du Liban', 'registrant_name': 'Patton Boggs Llp', 'registration_num': '2165', 'signer_name': 'Edward J. Newberry', 'signer_title': ''}","{'file_date': ['2013-08-15'], 'foreign_principle_name': '', 'registrant_name': ['Patton Boggs Llp'], 'registration_num': ['2165'], 'signer_name': ['Edward J. Newberry'], 'signer_title': ''}",0.75,0.75,1.0,1.0,1.0,1.0,0.8571428571428571,0.8571428571428571,1.0,"{'file_date': 0, 'registrant_name': 1, 'registration_num': 1, 'signer_name': 1}","{'file_date': 0, 'registrant_name': 1, 'registration_num': 1, 'signer_name': 1}","{'file_date': 1, 'registrant_name': 1, 'registration_num': 1, 'signer_name': 1}",0.75,0.75,1.0,1.0,1.0,1.0,0.8571428571428571,0.8571428571428571,1.0,"{'file_date': 0, 'registrant_name': 1, 'registration_num': 1, 'signer_name': 1}","{'file_date': 0, 'registrant_name': 1, 'registration_num': 1, 'signer_name': 1}","{'file_date': 1, 'registrant_name': 1, 'registration_num': 1, 'signer_name': 1}",0.6729559748427673,0.6729559748427673,0.7987421383647799,1.0,1.0,1.0,0.8045112781954886,0.8045112781954886,0.8881118881118881,"{'file_date': 0, 'registrant_name': 1, 'registration_num': 1, 'signer_name': 1}","{'file_date': 0, 'registrant_name': 1, 'registration_num': 1, 'signer_name': 1}","{'file_date': 1, 'registrant_name': 1, 'registration_num': 1, 'signer_name': 1}"
4,llama3-70b-8192,15.18,40,vrdu,fixed,1383,,no_schema,,976,STL,layout-aware,"20160406_Rokk Solutions, LLC_Amendment_Amendment.pdf","{'registration_num': ['6320'], 'registrant_name': ['Rokk Solutions LLC'], 'foreign_principle_name': ['Embassy of the Republic of Korea'], 'file_date': ['April 06, 2016'], 'signer_name': ['Ron Bonjean'], 'signer_title': ['Member']}","{""file_date"": ""04/06/2016"", ""foreign_principle_name"": ""Embassy of the Republic of Korea"", ""registrant_name"": ""Rokk Solutions LLC"", ""registration_num"": ""6320"", ""signer_name"": ""Ron Bonjean"", ""signer_title"": ""Member""}","{'file_date': '04/06/2016', 'foreign_principle_name': 'Embassy of the Republic of Korea', 'registrant_name': 'Rokk Solutions LLC', 'registration_num': '6320', 'signer_name': 'Ron Bonjean', 'signer_title': 'Member'}","{'file_date': '2016-04-06', 'foreign_principle_name': 'Embassy Of The Republic Of Korea', 'registrant_name': 'Rokk Solutions Llc', 'registration_num': '6320', 'signer_name': 'Ron Bonjean', 'signer_title': 'member'}","{'file_date': ['2016-04-06'], 'foreign_principle_name': ['Embassy Of The Republic Of Korea'], 'registrant_name': ['Rokk Solutions Llc'], 'registration_num': ['6320'], 'signer_name': ['Ron Bonjean'], 'signer_title': ['member']}",0.8333333333333334,0.8333333333333334,1.0,1.0,1.0,1.0,0.9090909090909092,0.9090909090909092,1.0,"{'file_date': 0, 'foreign_principle_name': 1, 'registrant_name': 1, 'registration_num': 1, 'signer_name': 1, 'signer_title': 1}","{'file_date': 0, 'foreign_principle_name': 1, 'registrant_name': 1, 'registration_num': 1, 'signer_name': 1, 'signer_title': 1}","{'file_date': 1, 'foreign_principle_name': 1, 'registrant_name': 1, 'registration_num': 1, 'signer_name': 1, 'signer_title': 1}",0.8333333333333334,0.8333333333333334,1.0,1.0,1.0,1.0,0.9090909090909092,0.9090909090909092,1.0,"{'file_date': 0, 'foreign_principle_name': 1, 'registrant_name': 1, 'registration_num': 1, 'signer_name': 1, 'signer_title': 1}","{'file_date': 0, 'foreign_principle_name': 1, 'registrant_name': 1, 'registration_num': 1, 'signer_name': 1, 'signer_title': 1}","{'file_date': 1, 'foreign_principle_name': 1, 'registrant_name': 1, 'registration_num': 1, 'signer_name': 1, 'signer_title': 1}",0.6729559748427673,0.6729559748427673,0.7987421383647799,1.0,1.0,1.0,0.8045112781954886,0.8045112781954886,0.8881118881118881,"{'file_date': 0, 'foreign_principle_name': 1, 'registrant_name': 1, 'registration_num': 1, 'signer_name': 1, 'signer_title': 1}","{'file_date': 0, 'foreign_principle_name': 1, 'registrant_name': 1, 'registration_num': 1, 'signer_name': 1, 'signer_title': 1}","{'file_date': 1, 'foreign_principle_name': 1, 'registrant_name': 1, 'registration_num': 1, 'signer_name': 1, 'signer_title': 1}"
4,llama3-70b-8192,15.07,40,vrdu,fixed,1383,,no_schema,,395,STL,layout-aware,19820401_Bermuda Tourism Authority_Amendment_Amendment.pdf,"{'registrant_name': ['Bermuda Department of Tourism'], 'registration_num': ['430'], 'signer_name': ['Ronald N. Bassett'], 'signer_title': ['General Manager'], 'file_date': ['8 day of april 1984']}","{""file_date"": ""1984-04-08"", ""foreign_principle_name"": """", ""registrant_name"": ""Bermuda Department of Tourism"", ""registration_num"": ""430"", ""signer_name"": ""Ronald N. Bassett"", ""signer_title"": ""General Manager, North America""}","{'file_date': '1984-04-08', 'foreign_principle_name': '', 'registrant_name': 'Bermuda Department of Tourism', 'registration_num': '430', 'signer_name': 'Ronald N. Bassett', 'signer_title': 'General Manager, North America'}","{'file_date': '1984-04-08', 'foreign_principle_name': '', 'registrant_name': 'Bermuda Department Of Tourism', 'registration_num': '430', 'signer_name': 'Ronald N. Bassett', 'signer_title': 'general manager, north america'}","{'file_date': ['1984-04-08'], 'foreign_principle_name': '', 'registrant_name': ['Bermuda Department Of Tourism'], 'registration_num': ['430'], 'signer_name': ['Ronald N. Bassett'], 'signer_title': ['general manager']}",0.6,0.6,0.8,1.0,1.0,1.0,0.7499999999999999,0.7499999999999999,0.888888888888889,"{'file_date': 0, 'registrant_name': 1, 'registration_num': 1, 'signer_name': 1, 'signer_title': 0}","{'file_date': 0, 'registrant_name': 1, 'registration_num': 1, 'signer_name': 1, 'signer_title': 0}","{'file_date': 1, 'registrant_name': 1, 'registration_num': 1, 'signer_name': 1, 'signer_title': 0}",0.8,0.8,1.0,1.0,1.0,1.0,0.888888888888889,0.888888888888889,1.0,"{'file_date': 0, 'registrant_name': 1, 'registration_num': 1, 'signer_name': 1, 'signer_title': 1}","{'file_date': 0, 'registrant_name': 1, 'registration_num': 1, 'signer_name': 1, 'signer_title': 1}","{'file_date': 1, 'registrant_name': 1, 'registration_num': 1, 'signer_name': 1, 'signer_title': 1}",0.6729559748427673,0.6729559748427673,0.7987421383647799,1.0,1.0,1.0,0.8045112781954886,0.8045112781954886,0.8881118881118881,"{'file_date': 0, 'registrant_name': 1, 'registration_num': 1, 'signer_name': 1, 'signer_title': 0}","{'file_date': 0, 'registrant_name': 1, 'registration_num': 1, 'signer_name': 1, 'signer_title': 0}","{'file_date': 1, 'registrant_name': 1, 'registration_num': 1, 'signer_name': 1, 'signer_title': 0}"
4,llama3-70b-8192,15.23,40,vrdu,fixed,1383,,no_schema,,583,STL,layout-aware,"19901201_CMGRP, Inc._Amendment_Amendment.pdf","{'registrant_name': ['Robinson, Lake, Lerer & Montgomery'], 'registration_num': ['3911'], 'signer_name': ['Mark C. Helmke'], 'signer_title': ['Executive Vice President and General Manager'], 'file_date': ['alecember\n19th\n90\nday of\n,19']}","{""file_date"": ""DEC 19, 90"", ""foreign_principle_name"": ""Embassy of Papua New Guinea"", ""registrant_name"": ""Robinson, Lake, Lerer & Montgomery"", ""registration_num"": ""1"", ""signer_name"": ""Mark C. Helmke"", ""signer_title"": ""Executive Vice President and General Manager""}","{'file_date': 'DEC 19, 90', 'foreign_principle_name': 'Embassy of Papua New Guinea', 'registrant_name': 'Robinson, Lake, Lerer & Montgomery', 'registration_num': '1', 'signer_name': 'Mark C. Helmke', 'signer_title': 'Executive Vice President and General Manager'}","{'file_date': '1990-12-19', 'foreign_principle_name': 'Embassy Of Papua New Guinea', 'registrant_name': 'Robinson, Lake, Lerer & Montgomery', 'registration_num': '1', 'signer_name': 'Mark C. Helmke', 'signer_title': 'executive vice president and general manager'}","{'file_date': ['alecember 19th 90 day of ,19'], 'foreign_principle_name': '', 'registrant_name': ['Robinson, Lake, Lerer & Montgomery'], 'registration_num': ['3911'], 'signer_name': ['Mark C. Helmke'], 'signer_title': ['executive vice president and general manager']}",0.6,0.6,0.6,1.0,1.0,1.0,0.7499999999999999,0.7499999999999999,0.7499999999999999,"{'file_date': 0, 'registrant_name': 1, 'registration_num': 0, 'signer_name': 1, 'signer_title': 1}","{'file_date': 0, 'registrant_name': 1, 'registration_num': 0, 'signer_name': 1, 'signer_title': 1}","{'file_date': 0, 'registrant_name': 1, 'registration_num': 0, 'signer_name': 1, 'signer_title': 1}",0.6,0.6,0.6,1.0,1.0,1.0,0.7499999999999999,0.7499999999999999,0.7499999999999999,"{'file_date': 0, 'registrant_name': 1, 'registration_num': 0, 'signer_name': 1, 'signer_title': 1}","{'file_date': 0, 'registrant_name': 1, 'registration_num': 0, 'signer_name': 1, 'signer_title': 1}","{'file_date': 0, 'registrant_name': 1, 'registration_num': 0, 'signer_name': 1, 'signer_title': 1}",0.6729559748427673,0.6729559748427673,0.7987421383647799,1.0,1.0,1.0,0.8045112781954886,0.8045112781954886,0.8881118881118881,"{'file_date': 0, 'registrant_name': 1, 'registration_num': 0, 'signer_name': 1, 'signer_title': 1}","{'file_date': 0, 'registrant_name': 1, 'registration_num': 0, 'signer_name': 1, 'signer_title': 1}","{'file_date': 0, 'registrant_name': 1, 'registration_num': 0, 'signer_name': 1, 'signer_title': 1}"
4,llama3-70b-8192,15.59,40,vrdu,fixed,1383,,no_schema,,691,STL,layout-aware,"20010820_Arnold _ Porter Kaye Scholer, LLP_Amendment_Amendment.pdf","{'registrant_name': ['Arnold & Porter'], 'registration_num': ['1750'], 'file_date': ['August\n20, 2001'], 'signer_name': ['E. Whitney Debevoise']}","{""file_date"": ""August 20, 2001"", ""foreign_principle_name"": ""Bolivarian Republic of Venezuela"", ""registrant_name"": ""Arnold & Porter"", ""registration_num"": ""1750"", ""signer_name"": ""E. Whitney Debevoise"", ""signer_title"": """"}","{'file_date': 'August 20, 2001', 'foreign_principle_name': 'Bolivarian Republic of Venezuela', 'registrant_name': 'Arnold & Porter', 'registration_num': '1750', 'signer_name': 'E. Whitney Debevoise', 'signer_title': ''}","{'file_date': '2001-08-20', 'foreign_principle_name': 'Bolivarian Republic Of Venezuela', 'registrant_name': 'Arnold & Porter', 'registration_num': '1750', 'signer_name': 'E. Whitney Debevoise', 'signer_title': ''}","{'file_date': ['2001-08-20'], 'foreign_principle_name': '', 'registrant_name': ['Arnold & Porter'], 'registration_num': ['1750'], 'signer_name': ['E. Whitney Debevoise'], 'signer_title': ''}",0.75,0.75,1.0,1.0,1.0,1.0,0.8571428571428571,0.8571428571428571,1.0,"{'file_date': 0, 'registrant_name': 1, 'registration_num': 1, 'signer_name': 1}","{'file_date': 0, 'registrant_name': 1, 'registration_num': 1, 'signer_name': 1}","{'file_date': 1, 'registrant_name': 1, 'registration_num': 1, 'signer_name': 1}",0.75,0.75,1.0,1.0,1.0,1.0,0.8571428571428571,0.8571428571428571,1.0,"{'file_date': 0, 'registrant_name': 1, 'registration_num': 1, 'signer_name': 1}","{'file_date': 0, 'registrant_name': 1, 'registration_num': 1, 'signer_name': 1}","{'file_date': 1, 'registrant_name': 1, 'registration_num': 1, 'signer_name': 1}",0.6729559748427673,0.6729559748427673,0.7987421383647799,1.0,1.0,1.0,0.8045112781954886,0.8045112781954886,0.8881118881118881,"{'file_date': 0, 'registrant_name': 1, 'registration_num': 1, 'signer_name': 1}","{'file_date': 0, 'registrant_name': 1, 'registration_num': 1, 'signer_name': 1}","{'file_date': 1, 'registrant_name': 1, 'registration_num': 1, 'signer_name': 1}"
4,llama3-70b-8192,15.16,40,vrdu,fixed,1383,,no_schema,,696,STL,layout-aware,"19760201_Italian Government Tourist Board (ENIT), Los Angeles_Amendment_Amendment.pdf","{'registration_num': ['1884'], 'registrant_name': ['Italian Government Travel Office-E.N.I.T\n360 Post Street, Suite 801, San Francisco, Cal.\nCal.']}","{""file_date"": ""1975-10-12"", ""foreign_principle_name"": ""Italian Government"", ""registrant_name"": ""Italian Government Travel Office-E.N.I.T"", ""registration_num"": ""#1884 Cal."", ""signer_name"": """", ""signer_title"": """"}","{'file_date': '1975-10-12', 'foreign_principle_name': 'Italian Government', 'registrant_name': 'Italian Government Travel Office-E.N.I.T', 'registration_num': '#1884 Cal.', 'signer_name': '', 'signer_title': ''}","{'file_date': '1975-10-12', 'foreign_principle_name': 'Italian Government', 'registrant_name': 'Italian Government Travel Office-e.n.i.t', 'registration_num': '1884', 'signer_name': '', 'signer_title': ''}","{'file_date': '', 'foreign_principle_name': '', 'registrant_name': ['Italian Government Travel Office-e.n.i.t 360 Post Street, Suite 801, San Francisco, Cal. Cal.'], 'registration_num': ['1884'], 'signer_name': '', 'signer_title': ''}",0.0,0.0,0.5,0.0,0.0,1.0,0.0,0.0,0.6666666666666666,"{'registrant_name': 0, 'registration_num': 0}","{'registrant_name': 0, 'registration_num': 0}","{'registrant_name': 0, 'registration_num': 1}",0.5,0.5,0.5,1.0,1.0,1.0,0.6666666666666666,0.6666666666666666,0.6666666666666666,"{'registrant_name': 0, 'registration_num': 1}","{'registrant_name': 0, 'registration_num': 1}","{'registrant_name': 0, 'registration_num': 1}",0.6729559748427673,0.6729559748427673,0.7987421383647799,1.0,1.0,1.0,0.8045112781954886,0.8045112781954886,0.8881118881118881,"{'registrant_name': 0, 'registration_num': 0}","{'registrant_name': 0, 'registration_num': 0}","{'registrant_name': 0, 'registration_num': 1}"
4,llama3-70b-8192,15.18,40,vrdu,fixed,1383,,no_schema,,784,STL,layout-aware,"20180430_Public Strategies Washington, Inc._Amendment_Amendment.pdf","{'registrant_name': ['Public Strategies Washington, Inc.'], 'registration_num': ['04486'], 'file_date': ['April 30, 2018'], 'signer_name': [""Joseph P. O'Neill""]}","{""file_date"": ""04/30/2018"", ""foreign_principle_name"": ""Secretar\u00eda de Econom\u00eda"", ""registrant_name"": ""Public Strategies Washington, Inc."", ""registration_num"": ""04486"", ""signer_name"": ""Joseph P. O'Neill"", ""signer_title"": """"}","{'file_date': '04/30/2018', 'foreign_principle_name': 'Secretara de Economa', 'registrant_name': 'Public Strategies Washington, Inc.', 'registration_num': '04486', 'signer_name': ""Joseph P. O'Neill"", 'signer_title': ''}","{'file_date': '2018-04-30', 'foreign_principle_name': 'Secretaria De Economia', 'registrant_name': 'Public Strategies Washington, Inc.', 'registration_num': '04486', 'signer_name': ""Joseph P. O'neill"", 'signer_title': ''}","{'file_date': ['2018-04-30'], 'foreign_principle_name': '', 'registrant_name': ['Public Strategies Washington, Inc.'], 'registration_num': ['04486'], 'signer_name': [""Joseph P. O'neill""], 'signer_title': ''}",0.75,0.75,1.0,1.0,1.0,1.0,0.8571428571428571,0.8571428571428571,1.0,"{'file_date': 0, 'registrant_name': 1, 'registration_num': 1, 'signer_name': 1}","{'file_date': 0, 'registrant_name': 1, 'registration_num': 1, 'signer_name': 1}","{'file_date': 1, 'registrant_name': 1, 'registration_num': 1, 'signer_name': 1}",0.75,0.75,1.0,1.0,1.0,1.0,0.8571428571428571,0.8571428571428571,1.0,"{'file_date': 0, 'registrant_name': 1, 'registration_num': 1, 'signer_name': 1}","{'file_date': 0, 'registrant_name': 1, 'registration_num': 1, 'signer_name': 1}","{'file_date': 1, 'registrant_name': 1, 'registration_num': 1, 'signer_name': 1}",0.6729559748427673,0.6729559748427673,0.7987421383647799,1.0,1.0,1.0,0.8045112781954886,0.8045112781954886,0.8881118881118881,"{'file_date': 0, 'registrant_name': 1, 'registration_num': 1, 'signer_name': 1}","{'file_date': 0, 'registrant_name': 1, 'registration_num': 1, 'signer_name': 1}","{'file_date': 1, 'registrant_name': 1, 'registration_num': 1, 'signer_name': 1}"
4,llama3-70b-8192,15.18,40,vrdu,fixed,1383,,no_schema,,347,STL,layout-aware,19850801_St. Lucia Tourist Board_Amendment_Amendment.pdf,"{'registrant_name': ['ST.LUCIA TOURIST BOARD'], 'registration_num': ['3668'], 'signer_name': ['CATHERINE REDMAN-RANDELL'], 'signer_title': ['U.S. MANAGER'], 'file_date': ['15+9\nAugust\n1,1985\nday of']}","{""file_date"": ""Aug 21, 1985"", ""foreign_principle_name"": ""ST.LUCIA"", ""registrant_name"": ""ST.LUCIA TOURIST BOARD"", ""registration_num"": ""3668"", ""signer_name"": ""A.J. MALTRENTIN, CATHERINE REDMAN-RANDELL"", ""signer_title"": ""U.S. MANAGER""}","{'file_date': 'Aug 21, 1985', 'foreign_principle_name': 'ST.LUCIA', 'registrant_name': 'ST.LUCIA TOURIST BOARD', 'registration_num': '3668', 'signer_name': 'A.J. MALTRENTIN, CATHERINE REDMAN-RANDELL', 'signer_title': 'U.S. MANAGER'}","{'file_date': '1985-08-21', 'foreign_principle_name': 'St.lucia', 'registrant_name': 'St.lucia Tourist Board', 'registration_num': '3668', 'signer_name': 'A.j. Maltrentin, Catherine Redman-randell', 'signer_title': 'u.s. manager'}","{'file_date': ['15+9 august 1,1985 day of'], 'foreign_principle_name': '', 'registrant_name': ['St.lucia Tourist Board'], 'registration_num': ['3668'], 'signer_name': ['Catherine Redman-randell'], 'signer_title': ['u.s. manager']}",0.6,0.6,0.6,1.0,1.0,1.0,0.7499999999999999,0.7499999999999999,0.7499999999999999,"{'file_date': 0, 'registrant_name': 1, 'registration_num': 1, 'signer_name': 0, 'signer_title': 1}","{'file_date': 0, 'registrant_name': 1, 'registration_num': 1, 'signer_name': 0, 'signer_title': 1}","{'file_date': 0, 'registrant_name': 1, 'registration_num': 1, 'signer_name': 0, 'signer_title': 1}",0.8,0.8,0.8,1.0,1.0,1.0,0.888888888888889,0.888888888888889,0.888888888888889,"{'file_date': 0, 'registrant_name': 1, 'registration_num': 1, 'signer_name': 1, 'signer_title': 1}","{'file_date': 0, 'registrant_name': 1, 'registration_num': 1, 'signer_name': 1, 'signer_title': 1}","{'file_date': 0, 'registrant_name': 1, 'registration_num': 1, 'signer_name': 1, 'signer_title': 1}",0.6729559748427673,0.6729559748427673,0.7987421383647799,1.0,1.0,1.0,0.8045112781954886,0.8045112781954886,0.8881118881118881,"{'file_date': 0, 'registrant_name': 1, 'registration_num': 1, 'signer_name': 0, 'signer_title': 1}","{'file_date': 0, 'registrant_name': 1, 'registration_num': 1, 'signer_name': 0, 'signer_title': 1}","{'file_date': 0, 'registrant_name': 1, 'registration_num': 1, 'signer_name': 0, 'signer_title': 1}"
4,llama3-70b-8192,15.15,40,vrdu,fixed,1383,,no_schema,,789,STL,layout-aware,"20170901_Bryan Cave, LLP_Amendment_Amendment.pdf","{'registration_num': ['6356'], 'registrant_name': ['Bryan Cave LLP'], 'file_date': ['September 1, 2017'], 'signer_name': ['LaDawn Naegle,'], 'signer_title': ['Office Managing Partner']}","{""file_date"": ""09/01/2017"", ""foreign_principle_name"": """", ""registrant_name"": ""Bryan Cave LLP"", ""registration_num"": ""6356"", ""signer_name"": ""LaDan Nagle"", ""signer_title"": ""Office Managing Partner""}","{'file_date': '09/01/2017', 'foreign_principle_name': '', 'registrant_name': 'Bryan Cave LLP', 'registration_num': '6356', 'signer_name': 'LaDan Nagle', 'signer_title': 'Office Managing Partner'}","{'file_date': '2017-09-01', 'foreign_principle_name': '', 'registrant_name': 'Bryan Cave Llp', 'registration_num': '6356', 'signer_name': 'Ladan Nagle', 'signer_title': 'office managing partner'}","{'file_date': ['2017-09-01'], 'foreign_principle_name': '', 'registrant_name': ['Bryan Cave Llp'], 'registration_num': ['6356'], 'signer_name': ['Ladawn Naegle,'], 'signer_title': ['office managing partner']}",0.6,0.6,0.8,1.0,1.0,1.0,0.7499999999999999,0.7499999999999999,0.888888888888889,"{'file_date': 0, 'registrant_name': 1, 'registration_num': 1, 'signer_name': 0, 'signer_title': 1}","{'file_date': 0, 'registrant_name': 1, 'registration_num': 1, 'signer_name': 0, 'signer_title': 1}","{'file_date': 1, 'registrant_name': 1, 'registration_num': 1, 'signer_name': 0, 'signer_title': 1}",0.6,0.6,0.8,1.0,1.0,1.0,0.7499999999999999,0.7499999999999999,0.888888888888889,"{'file_date': 0, 'registrant_name': 1, 'registration_num': 1, 'signer_name': 0, 'signer_title': 1}","{'file_date': 0, 'registrant_name': 1, 'registration_num': 1, 'signer_name': 0, 'signer_title': 1}","{'file_date': 1, 'registrant_name': 1, 'registration_num': 1, 'signer_name': 0, 'signer_title': 1}",0.6729559748427673,0.6729559748427673,0.7987421383647799,1.0,1.0,1.0,0.8045112781954886,0.8045112781954886,0.8881118881118881,"{'file_date': 0, 'registrant_name': 1, 'registration_num': 1, 'signer_name': 1, 'signer_title': 1}","{'file_date': 0, 'registrant_name': 1, 'registration_num': 1, 'signer_name': 1, 'signer_title': 1}","{'file_date': 1, 'registrant_name': 1, 'registration_num': 1, 'signer_name': 1, 'signer_title': 1}"
4,llama3-70b-8192,15.12,40,vrdu,fixed,1383,,no_schema,,529,STL,layout-aware,19790101_Representative of the Turkish Republic of Northern Cyprus_Amendment_Amendment.pdf,"{'registrant_name': ['1. Name of Registrant\nOffice of the\nRepresentative of the Turkish\nFederated State of Cyprus'], 'registration_num': ['2619'], 'signer_name': ['NAIL ATALAY'], 'signer_title': ['DIRECTOR'], 'file_date': ['19 d.\nday of\nJanuary\n19 79\n.']}","{""file_date"": ""01-19-1979"", ""foreign_principle_name"": """", ""registrant_name"": ""Office of the Representative of the Turkish Federated State of Cyprus"", ""registration_num"": ""2619"", ""signer_name"": ""NAIL ATALAY"", ""signer_title"": ""DIRECTOR""}","{'file_date': '01-19-1979', 'foreign_principle_name': '', 'registrant_name': 'Office of the Representative of the Turkish Federated State of Cyprus', 'registration_num': '2619', 'signer_name': 'NAIL ATALAY', 'signer_title': 'DIRECTOR'}","{'file_date': '1979-01-19', 'foreign_principle_name': '', 'registrant_name': 'Office Of The Representative Of The Turkish Federated State Of Cyprus', 'registration_num': '2619', 'signer_name': 'Nail Atalay', 'signer_title': 'director'}","{'file_date': ['19 d. day of january 19 79 .'], 'foreign_principle_name': '', 'registrant_name': ['1. Name Of Registrant Office Of The Representative Of The Turkish Federated State Of Cyprus'], 'registration_num': ['2619'], 'signer_name': ['Nail Atalay'], 'signer_title': ['director']}",0.6,0.6,0.6,1.0,1.0,1.0,0.7499999999999999,0.7499999999999999,0.7499999999999999,"{'file_date': 0, 'registrant_name': 0, 'registration_num': 1, 'signer_name': 1, 'signer_title': 1}","{'file_date': 0, 'registrant_name': 0, 'registration_num': 1, 'signer_name': 1, 'signer_title': 1}","{'file_date': 0, 'registrant_name': 0, 'registration_num': 1, 'signer_name': 1, 'signer_title': 1}",0.6,0.6,0.6,1.0,1.0,1.0,0.7499999999999999,0.7499999999999999,0.7499999999999999,"{'file_date': 0, 'registrant_name': 0, 'registration_num': 1, 'signer_name': 1, 'signer_title': 1}","{'file_date': 0, 'registrant_name': 0, 'registration_num': 1, 'signer_name': 1, 'signer_title': 1}","{'file_date': 0, 'registrant_name': 0, 'registration_num': 1, 'signer_name': 1, 'signer_title': 1}",0.6729559748427673,0.6729559748427673,0.7987421383647799,1.0,1.0,1.0,0.8045112781954886,0.8045112781954886,0.8881118881118881,"{'file_date': 0, 'registrant_name': 1, 'registration_num': 1, 'signer_name': 1, 'signer_title': 1}","{'file_date': 0, 'registrant_name': 1, 'registration_num': 1, 'signer_name': 1, 'signer_title': 1}","{'file_date': 0, 'registrant_name': 1, 'registration_num': 1, 'signer_name': 1, 'signer_title': 1}"
4,llama3-70b-8192,15.29,40,vrdu,fixed,1383,,no_schema,,742,STL,layout-aware,"20180124_Nickles Group, LLC_Amendment_Amendment.pdf","{'registrant_name': ['The Nickles Group, LLC'], 'registration_num': ['6089'], 'signer_name': ['Diana Walters'], 'file_date': ['January 24, 2018']}","{""file_date"": ""01/24/2018"", ""foreign_principle_name"": ""Embassy of the Republic of Korea"", ""registrant_name"": ""The Nickles Group, LLC"", ""registration_num"": ""6089"", ""signer_name"": ""Diana Walters"", ""signer_title"": """"}","{'file_date': '01/24/2018', 'foreign_principle_name': 'Embassy of the Republic of Korea', 'registrant_name': 'The Nickles Group, LLC', 'registration_num': '6089', 'signer_name': 'Diana Walters', 'signer_title': ''}","{'file_date': '2018-01-24', 'foreign_principle_name': 'Embassy Of The Republic Of Korea', 'registrant_name': 'The Nickles Group, Llc', 'registration_num': '6089', 'signer_name': 'Diana Walters', 'signer_title': ''}","{'file_date': ['2018-01-24'], 'foreign_principle_name': '', 'registrant_name': ['The Nickles Group, Llc'], 'registration_num': ['6089'], 'signer_name': ['Diana Walters'], 'signer_title': ''}",0.75,0.75,1.0,1.0,1.0,1.0,0.8571428571428571,0.8571428571428571,1.0,"{'file_date': 0, 'registrant_name': 1, 'registration_num': 1, 'signer_name': 1}","{'file_date': 0, 'registrant_name': 1, 'registration_num': 1, 'signer_name': 1}","{'file_date': 1, 'registrant_name': 1, 'registration_num': 1, 'signer_name': 1}",0.75,0.75,1.0,1.0,1.0,1.0,0.8571428571428571,0.8571428571428571,1.0,"{'file_date': 0, 'registrant_name': 1, 'registration_num': 1, 'signer_name': 1}","{'file_date': 0, 'registrant_name': 1, 'registration_num': 1, 'signer_name': 1}","{'file_date': 1, 'registrant_name': 1, 'registration_num': 1, 'signer_name': 1}",0.6729559748427673,0.6729559748427673,0.7987421383647799,1.0,1.0,1.0,0.8045112781954886,0.8045112781954886,0.8881118881118881,"{'file_date': 0, 'registrant_name': 1, 'registration_num': 1, 'signer_name': 1}","{'file_date': 0, 'registrant_name': 1, 'registration_num': 1, 'signer_name': 1}","{'file_date': 1, 'registrant_name': 1, 'registration_num': 1, 'signer_name': 1}"
4,llama3-70b-8192,15.62,40,vrdu,fixed,1383,,no_schema,,802,STL,layout-aware,20140813_Fratelli Group_Amendment_Amendment.pdf,"{'registrant_name': ['The Fratelli Group'], 'registration_num': ['5867'], 'signer_name': [""Francis O'Brien""], 'file_date': ['August 13, 2014']}","{""file_date"": ""08/13/2014"", ""foreign_principle_name"": ""The Government of Colombia"", ""registrant_name"": ""The Fratelli Group"", ""registration_num"": ""5867"", ""signer_name"": ""Francis O'Brien"", ""signer_title"": """"}","{'file_date': '08/13/2014', 'foreign_principle_name': 'The Government of Colombia', 'registrant_name': 'The Fratelli Group', 'registration_num': '5867', 'signer_name': ""Francis O'Brien"", 'signer_title': ''}","{'file_date': '2014-08-13', 'foreign_principle_name': 'The Government Of Colombia', 'registrant_name': 'The Fratelli Group', 'registration_num': '5867', 'signer_name': ""Francis O'brien"", 'signer_title': ''}","{'file_date': ['2014-08-13'], 'foreign_principle_name': '', 'registrant_name': ['The Fratelli Group'], 'registration_num': ['5867'], 'signer_name': [""Francis O'brien""], 'signer_title': ''}",0.75,0.75,1.0,1.0,1.0,1.0,0.8571428571428571,0.8571428571428571,1.0,"{'file_date': 0, 'registrant_name': 1, 'registration_num': 1, 'signer_name': 1}","{'file_date': 0, 'registrant_name': 1, 'registration_num': 1, 'signer_name': 1}","{'file_date': 1, 'registrant_name': 1, 'registration_num': 1, 'signer_name': 1}",0.75,0.75,1.0,1.0,1.0,1.0,0.8571428571428571,0.8571428571428571,1.0,"{'file_date': 0, 'registrant_name': 1, 'registration_num': 1, 'signer_name': 1}","{'file_date': 0, 'registrant_name': 1, 'registration_num': 1, 'signer_name': 1}","{'file_date': 1, 'registrant_name': 1, 'registration_num': 1, 'signer_name': 1}",0.6729559748427673,0.6729559748427673,0.7987421383647799,1.0,1.0,1.0,0.8045112781954886,0.8045112781954886,0.8881118881118881,"{'file_date': 0, 'registrant_name': 1, 'registration_num': 1, 'signer_name': 1}","{'file_date': 0, 'registrant_name': 1, 'registration_num': 1, 'signer_name': 1}","{'file_date': 1, 'registrant_name': 1, 'registration_num': 1, 'signer_name': 1}"
4,llama3-70b-8192,15.72,40,vrdu,fixed,1383,,no_schema,,361,STL,layout-aware,19830401_Bermuda Tourism Authority_Amendment_Amendment.pdf,"{'registration_num': ['430'], 'registrant_name': ['Bermuda Department of Tourism'], 'signer_name': ['(Ronald N. Bassett )'], 'signer_title': ['General Manager, North America'], 'file_date': ['york\nZa\n1983\nday of\nApril']}","{""file_date"": ""APR 20 8 02 83"", ""foreign_principle_name"": """", ""registrant_name"": ""Bermuda Department of Tourism"", ""registration_num"": ""430"", ""signer_name"": ""Ronald N. Bassett"", ""signer_title"": ""General Manager, North America""}","{'file_date': 'APR 20 8 02 83', 'foreign_principle_name': '', 'registrant_name': 'Bermuda Department of Tourism', 'registration_num': '430', 'signer_name': 'Ronald N. Bassett', 'signer_title': 'General Manager, North America'}","{'file_date': 'apr 20 8 02 83', 'foreign_principle_name': '', 'registrant_name': 'Bermuda Department Of Tourism', 'registration_num': '430', 'signer_name': 'Ronald N. Bassett', 'signer_title': 'general manager, north america'}","{'file_date': ['york za 1983 day of april'], 'foreign_principle_name': '', 'registrant_name': ['Bermuda Department Of Tourism'], 'registration_num': ['430'], 'signer_name': ['(ronald N. Bassett )'], 'signer_title': ['general manager, north america']}",0.6,0.6,0.6,1.0,1.0,1.0,0.7499999999999999,0.7499999999999999,0.7499999999999999,"{'file_date': 0, 'registrant_name': 1, 'registration_num': 1, 'signer_name': 0, 'signer_title': 1}","{'file_date': 0, 'registrant_name': 1, 'registration_num': 1, 'signer_name': 0, 'signer_title': 1}","{'file_date': 0, 'registrant_name': 1, 'registration_num': 1, 'signer_name': 0, 'signer_title': 1}",0.6,0.6,0.6,1.0,1.0,1.0,0.7499999999999999,0.7499999999999999,0.7499999999999999,"{'file_date': 0, 'registrant_name': 1, 'registration_num': 1, 'signer_name': 0, 'signer_title': 1}","{'file_date': 0, 'registrant_name': 1, 'registration_num': 1, 'signer_name': 0, 'signer_title': 1}","{'file_date': 0, 'registrant_name': 1, 'registration_num': 1, 'signer_name': 0, 'signer_title': 1}",0.6729559748427673,0.6729559748427673,0.7987421383647799,1.0,1.0,1.0,0.8045112781954886,0.8045112781954886,0.8881118881118881,"{'file_date': 0, 'registrant_name': 1, 'registration_num': 1, 'signer_name': 1, 'signer_title': 1}","{'file_date': 0, 'registrant_name': 1, 'registration_num': 1, 'signer_name': 1, 'signer_title': 1}","{'file_date': 0, 'registrant_name': 1, 'registration_num': 1, 'signer_name': 1, 'signer_title': 1}"
4,llama3-70b-8192,16.82,40,vrdu,fixed,1383,,no_schema,,634,STL,layout-aware,19950929_Hogan Lovells US LLP_Amendment_Amendment.pdf,"{'registration_num': ['2244'], 'registrant_name': ['Hogan & Hartson'], 'file_date': ['September\n.19 45 29th\nday of']}","{""file_date"": ""SEP 29 1995"", ""foreign_principle_name"": ""('Government of Haiti', 'Embassy of Japan')"", ""registrant_name"": ""Hogan & Hartson"", ""registration_num"": ""2244"", ""signer_name"": ""BESSIE O. HOUCK"", ""signer_title"": ""Notary Public""}","{'file_date': 'SEP 29 1995', 'foreign_principle_name': ""('Government of Haiti', 'Embassy of Japan')"", 'registrant_name': 'Hogan & Hartson', 'registration_num': '2244', 'signer_name': 'BESSIE O. HOUCK', 'signer_title': 'Notary Public'}","{'file_date': '1995-09-29', 'foreign_principle_name': ""('government Of Haiti', 'embassy Of Japan')"", 'registrant_name': 'Hogan & Hartson', 'registration_num': '2244', 'signer_name': 'Bessie O. Houck', 'signer_title': 'notary public'}","{'file_date': ['september .19 45 29th day of'], 'foreign_principle_name': '', 'registrant_name': ['Hogan & Hartson'], 'registration_num': ['2244'], 'signer_name': '', 'signer_title': ''}",0.6666666666666666,0.6666666666666666,0.6666666666666666,1.0,1.0,1.0,0.8,0.8,0.8,"{'file_date': 0, 'registrant_name': 1, 'registration_num': 1}","{'file_date': 0, 'registrant_name': 1, 'registration_num': 1}","{'file_date': 0, 'registrant_name': 1, 'registration_num': 1}",0.6666666666666666,0.6666666666666666,0.6666666666666666,1.0,1.0,1.0,0.8,0.8,0.8,"{'file_date': 0, 'registrant_name': 1, 'registration_num': 1}","{'file_date': 0, 'registrant_name': 1, 'registration_num': 1}","{'file_date': 0, 'registrant_name': 1, 'registration_num': 1}",0.6729559748427673,0.6729559748427673,0.7987421383647799,1.0,1.0,1.0,0.8045112781954886,0.8045112781954886,0.8881118881118881,"{'file_date': 0, 'registrant_name': 1, 'registration_num': 1}","{'file_date': 0, 'registrant_name': 1, 'registration_num': 1}","{'file_date': 0, 'registrant_name': 1, 'registration_num': 1}"
4,llama3-70b-8192,16.57,40,vrdu,fixed,1383,,no_schema,,785,STL,layout-aware,"20180105_Hill and Knowlton Strategies, LLC_Amendment_Amendment.pdf","{'registrant_name': ['Hill and Knowlton Strategies, LLC'], 'registration_num': ['3301'], 'file_date': ['January 05, 2018'], 'signer_title': ['Global General Couns'], 'signer_name': ['Meredith Marks']}","{""file_date"": ""01/05/2018"", ""foreign_principle_name"": ""Ministry of Economy and Planning, Kingdom of Saudi Arabia"", ""registrant_name"": ""Hill and Knowlton Strategies, LLC"", ""registration_num"": ""3301"", ""signer_name"": ""Meredith Marks"", ""signer_title"": ""Global General Couns""}","{'file_date': '01/05/2018', 'foreign_principle_name': 'Ministry of Economy and Planning, Kingdom of Saudi Arabia', 'registrant_name': 'Hill and Knowlton Strategies, LLC', 'registration_num': '3301', 'signer_name': 'Meredith Marks', 'signer_title': 'Global General Couns'}","{'file_date': '2018-01-05', 'foreign_principle_name': 'Ministry Of Economy And Planning, Kingdom Of Saudi Arabia', 'registrant_name': 'Hill And Knowlton Strategies, Llc', 'registration_num': '3301', 'signer_name': 'Meredith Marks', 'signer_title': 'global general couns'}","{'file_date': ['2018-01-05'], 'foreign_principle_name': '', 'registrant_name': ['Hill And Knowlton Strategies, Llc'], 'registration_num': ['3301'], 'signer_name': ['Meredith Marks'], 'signer_title': ['global general couns']}",0.8,0.8,1.0,1.0,1.0,1.0,0.888888888888889,0.888888888888889,1.0,"{'file_date': 0, 'registrant_name': 1, 'registration_num': 1, 'signer_name': 1, 'signer_title': 1}","{'file_date': 0, 'registrant_name': 1, 'registration_num': 1, 'signer_name': 1, 'signer_title': 1}","{'file_date': 1, 'registrant_name': 1, 'registration_num': 1, 'signer_name': 1, 'signer_title': 1}",0.8,0.8,1.0,1.0,1.0,1.0,0.888888888888889,0.888888888888889,1.0,"{'file_date': 0, 'registrant_name': 1, 'registration_num': 1, 'signer_name': 1, 'signer_title': 1}","{'file_date': 0, 'registrant_name': 1, 'registration_num': 1, 'signer_name': 1, 'signer_title': 1}","{'file_date': 1, 'registrant_name': 1, 'registration_num': 1, 'signer_name': 1, 'signer_title': 1}",0.6729559748427673,0.6729559748427673,0.7987421383647799,1.0,1.0,1.0,0.8045112781954886,0.8045112781954886,0.8881118881118881,"{'file_date': 0, 'registrant_name': 1, 'registration_num': 1, 'signer_name': 1, 'signer_title': 1}","{'file_date': 0, 'registrant_name': 1, 'registration_num': 1, 'signer_name': 1, 'signer_title': 1}","{'file_date': 1, 'registrant_name': 1, 'registration_num': 1, 'signer_name': 1, 'signer_title': 1}"
4,llama3-70b-8192,78.29,40,vrdu,fixed,1383,,no_schema,,988,STL,layout-aware,"20080918_Squire Patton Boggs, LLP_Varma, Anurag_Short-Form.pdf","{'registration_num': ['2165'], 'registrant_name': ['Patton Boggs LLP'], 'foreign_principle_name': ['By this filing, the Embassy of India'], 'file_date': ['09/02/2008']}","{""file_date"": ""09/02/2008"", ""foreign_principle_name"": ""The Embassy of India"", ""registrant_name"": ""Patton Boggs LLP"", ""registration_num"": """", ""signer_name"": """", ""signer_title"": """"}","{'file_date': '09/02/2008', 'foreign_principle_name': 'The Embassy of India', 'registrant_name': 'Patton Boggs LLP', 'registration_num': '', 'signer_name': '', 'signer_title': ''}","{'file_date': '2008-09-02', 'foreign_principle_name': 'The Embassy Of India', 'registrant_name': 'Patton Boggs Llp', 'registration_num': '', 'signer_name': '', 'signer_title': ''}","{'file_date': ['2008-09-02'], 'foreign_principle_name': ['By This Filing, The Embassy Of India'], 'registrant_name': ['Patton Boggs Llp'], 'registration_num': ['2165'], 'signer_name': '', 'signer_title': ''}",0.6666666666666666,0.6666666666666666,0.6666666666666666,0.6666666666666666,0.6666666666666666,0.6666666666666666,0.6666666666666666,0.6666666666666666,0.6666666666666666,"{'file_date': 1, 'foreign_principle_name': 0, 'registrant_name': 1, 'registration_num': 0}","{'file_date': 1, 'foreign_principle_name': 0, 'registrant_name': 1, 'registration_num': 0}","{'file_date': 1, 'foreign_principle_name': 0, 'registrant_name': 1, 'registration_num': 0}",0.6666666666666666,0.6666666666666666,0.6666666666666666,0.6666666666666666,0.6666666666666666,0.6666666666666666,0.6666666666666666,0.6666666666666666,0.6666666666666666,"{'file_date': 1, 'foreign_principle_name': 0, 'registrant_name': 1, 'registration_num': 0}","{'file_date': 1, 'foreign_principle_name': 0, 'registrant_name': 1, 'registration_num': 0}","{'file_date': 1, 'foreign_principle_name': 0, 'registrant_name': 1, 'registration_num': 0}",0.6729559748427673,0.6729559748427673,0.7987421383647799,1.0,1.0,1.0,0.8045112781954886,0.8045112781954886,0.8881118881118881,"{'file_date': 1, 'foreign_principle_name': 0, 'registrant_name': 1, 'registration_num': 0}","{'file_date': 1, 'foreign_principle_name': 0, 'registrant_name': 1, 'registration_num': 0}","{'file_date': 1, 'foreign_principle_name': 0, 'registrant_name': 1, 'registration_num': 0}"
4,llama3-70b-8192,13.92,40,vrdu,fixed,1383,,no_schema,,1026,STL,layout-aware,"20130513_Commonwealth of Dominica Maritime Registry, Inc._Ottaviano, Pasquale Diego_Short-Form.pdf","{'registration_num': ['5334'], 'registrant_name': ['Commonwealth of Dominica Maritime Registry'], 'foreign_principle_name': ['Commonwealth of Dominica'], 'file_date': ['Marc 4, 2013']}","{""file_date"": ""05/13/2013"", ""foreign_principle_name"": ""Commonwealth of Dominica"", ""registrant_name"": ""Commonwealth of Dominica Maritime Registry"", ""registration_num"": """", ""signer_name"": """", ""signer_title"": """"}","{'file_date': '05/13/2013', 'foreign_principle_name': 'Commonwealth of Dominica', 'registrant_name': 'Commonwealth of Dominica Maritime Registry', 'registration_num': '', 'signer_name': '', 'signer_title': ''}","{'file_date': '2013-05-13', 'foreign_principle_name': 'Commonwealth Of Dominica', 'registrant_name': 'Commonwealth Of Dominica Maritime Registry', 'registration_num': '', 'signer_name': '', 'signer_title': ''}","{'file_date': ['marc 4, 2013'], 'foreign_principle_name': ['Commonwealth Of Dominica'], 'registrant_name': ['Commonwealth Of Dominica Maritime Registry'], 'registration_num': ['5334'], 'signer_name': '', 'signer_title': ''}",0.6666666666666666,0.6666666666666666,0.6666666666666666,0.6666666666666666,0.6666666666666666,0.6666666666666666,0.6666666666666666,0.6666666666666666,0.6666666666666666,"{'file_date': 0, 'foreign_principle_name': 1, 'registrant_name': 1, 'registration_num': 0}","{'file_date': 0, 'foreign_principle_name': 1, 'registrant_name': 1, 'registration_num': 0}","{'file_date': 0, 'foreign_principle_name': 1, 'registrant_name': 1, 'registration_num': 0}",0.6666666666666666,0.6666666666666666,0.6666666666666666,0.6666666666666666,0.6666666666666666,0.6666666666666666,0.6666666666666666,0.6666666666666666,0.6666666666666666,"{'file_date': 0, 'foreign_principle_name': 1, 'registrant_name': 1, 'registration_num': 0}","{'file_date': 0, 'foreign_principle_name': 1, 'registrant_name': 1, 'registration_num': 0}","{'file_date': 0, 'foreign_principle_name': 1, 'registrant_name': 1, 'registration_num': 0}",0.6729559748427673,0.6729559748427673,0.7987421383647799,1.0,1.0,1.0,0.8045112781954886,0.8045112781954886,0.8881118881118881,"{'file_date': 0, 'foreign_principle_name': 1, 'registrant_name': 1, 'registration_num': 0}","{'file_date': 0, 'foreign_principle_name': 1, 'registrant_name': 1, 'registration_num': 0}","{'file_date': 0, 'foreign_principle_name': 1, 'registrant_name': 1, 'registration_num': 0}"
4,llama3-70b-8192,16.89,40,vrdu,fixed,1383,,no_schema,,1028,STL,layout-aware,"20170130_Burson-Marsteller, LLC (Washington, DC)_Pruitt, David_Short-Form.pdf","{'registration_num': ['4227'], 'registrant_name': ['Burson-Marsteller, LLC'], 'foreign_principle_name': ['Consejo De Promocion Turistica De Mexico, S.A'], 'signer_name': ['David Pruitt Jr.'], 'file_date': ['August 11, 2016']}","{""file_date"": ""01/30/2017 11:06:00 PM"", ""foreign_principle_name"": ""Consejo De Promocion Turistica De Mexico, S.A"", ""registrant_name"": ""Burson-Marsteller, LLC"", ""registration_num"": """", ""signer_name"": """", ""signer_title"": """"}","{'file_date': '01/30/2017 11:06:00 PM', 'foreign_principle_name': 'Consejo De Promocion Turistica De Mexico, S.A', 'registrant_name': 'Burson-Marsteller, LLC', 'registration_num': '', 'signer_name': '', 'signer_title': ''}","{'file_date': '2017-01-30', 'foreign_principle_name': 'Consejo De Promocion Turistica De Mexico, S.a', 'registrant_name': 'Burson-marsteller, Llc', 'registration_num': '', 'signer_name': '', 'signer_title': ''}","{'file_date': ['2016-08-11'], 'foreign_principle_name': ['Consejo De Promocion Turistica De Mexico, S.a'], 'registrant_name': ['Burson-marsteller, Llc'], 'registration_num': ['4227'], 'signer_name': ['David Pruitt Jr.'], 'signer_title': ''}",0.6666666666666666,0.6666666666666666,0.6666666666666666,0.5,0.5,0.5,0.5714285714285715,0.5714285714285715,0.5714285714285715,"{'file_date': 0, 'foreign_principle_name': 1, 'registrant_name': 1, 'registration_num': 0, 'signer_name': 0}","{'file_date': 0, 'foreign_principle_name': 1, 'registrant_name': 1, 'registration_num': 0, 'signer_name': 0}","{'file_date': 0, 'foreign_principle_name': 1, 'registrant_name': 1, 'registration_num': 0, 'signer_name': 0}",0.6666666666666666,0.6666666666666666,0.6666666666666666,0.5,0.5,0.5,0.5714285714285715,0.5714285714285715,0.5714285714285715,"{'file_date': 0, 'foreign_principle_name': 1, 'registrant_name': 1, 'registration_num': 0, 'signer_name': 0}","{'file_date': 0, 'foreign_principle_name': 1, 'registrant_name': 1, 'registration_num': 0, 'signer_name': 0}","{'file_date': 0, 'foreign_principle_name': 1, 'registrant_name': 1, 'registration_num': 0, 'signer_name': 0}",0.6729559748427673,0.6729559748427673,0.7987421383647799,1.0,1.0,1.0,0.8045112781954886,0.8045112781954886,0.8881118881118881,"{'file_date': 0, 'foreign_principle_name': 1, 'registrant_name': 1, 'registration_num': 0, 'signer_name': 0}","{'file_date': 0, 'foreign_principle_name': 1, 'registrant_name': 1, 'registration_num': 0, 'signer_name': 0}","{'file_date': 0, 'foreign_principle_name': 1, 'registrant_name': 1, 'registration_num': 0, 'signer_name': 0}"
4,llama3-70b-8192,13.51,40,vrdu,fixed,1383,,no_schema,,1043,STL,layout-aware,"20110805_Squire Patton Boggs, LLP_Nardotti, Michael J. Jr._Short-Form.pdf","{'registration_num': ['2165'], 'registrant_name': ['Patton Boggs LLP'], 'foreign_principle_name': ['Republic of Croatia.'], 'signer_name': ['Michael Nudotti\n(Signature)'], 'file_date': ['8/5/2011']}","{""file_date"": ""08/05/2011"", ""foreign_principle_name"": ""Republic of Croatia"", ""registrant_name"": ""Patton Boggs LLP"", ""registration_num"": """", ""signer_name"": """", ""signer_title"": """"}","{'file_date': '08/05/2011', 'foreign_principle_name': 'Republic of Croatia', 'registrant_name': 'Patton Boggs LLP', 'registration_num': '', 'signer_name': '', 'signer_title': ''}","{'file_date': '2011-08-05', 'foreign_principle_name': 'Republic Of Croatia', 'registrant_name': 'Patton Boggs Llp', 'registration_num': '', 'signer_name': '', 'signer_title': ''}","{'file_date': ['2011-08-05'], 'foreign_principle_name': ['Republic Of Croatia.'], 'registrant_name': ['Patton Boggs Llp'], 'registration_num': ['2165'], 'signer_name': ['Michael Nudotti (signature)'], 'signer_title': ''}",0.3333333333333333,0.3333333333333333,0.6666666666666666,0.3333333333333333,0.3333333333333333,0.5,0.3333333333333333,0.3333333333333333,0.5714285714285715,"{'file_date': 0, 'foreign_principle_name': 0, 'registrant_name': 1, 'registration_num': 0, 'signer_name': 0}","{'file_date': 0, 'foreign_principle_name': 0, 'registrant_name': 1, 'registration_num': 0, 'signer_name': 0}","{'file_date': 1, 'foreign_principle_name': 0, 'registrant_name': 1, 'registration_num': 0, 'signer_name': 0}",0.3333333333333333,0.3333333333333333,0.6666666666666666,0.3333333333333333,0.3333333333333333,0.5,0.3333333333333333,0.3333333333333333,0.5714285714285715,"{'file_date': 0, 'foreign_principle_name': 0, 'registrant_name': 1, 'registration_num': 0, 'signer_name': 0}","{'file_date': 0, 'foreign_principle_name': 0, 'registrant_name': 1, 'registration_num': 0, 'signer_name': 0}","{'file_date': 1, 'foreign_principle_name': 0, 'registrant_name': 1, 'registration_num': 0, 'signer_name': 0}",0.6729559748427673,0.6729559748427673,0.7987421383647799,1.0,1.0,1.0,0.8045112781954886,0.8045112781954886,0.8881118881118881,"{'file_date': 0, 'foreign_principle_name': 1, 'registrant_name': 1, 'registration_num': 0, 'signer_name': 0}","{'file_date': 0, 'foreign_principle_name': 1, 'registrant_name': 1, 'registration_num': 0, 'signer_name': 0}","{'file_date': 1, 'foreign_principle_name': 1, 'registrant_name': 1, 'registration_num': 0, 'signer_name': 0}"
4,llama3-70b-8192,12.7,40,vrdu,fixed,1383,,no_schema,,1073,STL,layout-aware,"20160601_Manatos _ Manatos_Manatos, Emanuel A. _Mike__Short-Form.pdf","{'registration_num': ['6353'], 'registrant_name': ['Manatos & Manatos'], 'foreign_principle_name': ['VTB Group'], 'file_date': ['6\n(Date of signature']}","{""file_date"": ""06/01/2018"", ""foreign_principle_name"": ""VTB Group"", ""registrant_name"": ""Manatos & Manatos"", ""registration_num"": """", ""signer_name"": """", ""signer_title"": """"}","{'file_date': '06/01/2018', 'foreign_principle_name': 'VTB Group', 'registrant_name': 'Manatos & Manatos', 'registration_num': '', 'signer_name': '', 'signer_title': ''}","{'file_date': '2018-06-01', 'foreign_principle_name': 'Vtb Group', 'registrant_name': 'Manatos & Manatos', 'registration_num': '', 'signer_name': '', 'signer_title': ''}","{'file_date': ['6 (date of signature'], 'foreign_principle_name': ['Vtb Group'], 'registrant_name': ['Manatos & Manatos'], 'registration_num': ['6353'], 'signer_name': '', 'signer_title': ''}",0.6666666666666666,0.6666666666666666,0.6666666666666666,0.6666666666666666,0.6666666666666666,0.6666666666666666,0.6666666666666666,0.6666666666666666,0.6666666666666666,"{'file_date': 0, 'foreign_principle_name': 1, 'registrant_name': 1, 'registration_num': 0}","{'file_date': 0, 'foreign_principle_name': 1, 'registrant_name': 1, 'registration_num': 0}","{'file_date': 0, 'foreign_principle_name': 1, 'registrant_name': 1, 'registration_num': 0}",0.6666666666666666,0.6666666666666666,0.6666666666666666,0.6666666666666666,0.6666666666666666,0.6666666666666666,0.6666666666666666,0.6666666666666666,0.6666666666666666,"{'file_date': 0, 'foreign_principle_name': 1, 'registrant_name': 1, 'registration_num': 0}","{'file_date': 0, 'foreign_principle_name': 1, 'registrant_name': 1, 'registration_num': 0}","{'file_date': 0, 'foreign_principle_name': 1, 'registrant_name': 1, 'registration_num': 0}",0.6729559748427673,0.6729559748427673,0.7987421383647799,1.0,1.0,1.0,0.8045112781954886,0.8045112781954886,0.8881118881118881,"{'file_date': 0, 'foreign_principle_name': 1, 'registrant_name': 1, 'registration_num': 0}","{'file_date': 0, 'foreign_principle_name': 1, 'registrant_name': 1, 'registration_num': 0}","{'file_date': 0, 'foreign_principle_name': 1, 'registrant_name': 1, 'registration_num': 0}"
4,llama3-70b-8192,15.24,40,vrdu,fixed,1383,,no_schema,,1014,STL,layout-aware,"20160731_Burson-Marsteller, LLC (Washington, DC)_Jarnagan, Stephanie_Short-Form.pdf","{'registration_num': ['6227'], 'registrant_name': ['Burson Marstellar, LLC'], 'foreign_principle_name': ['Consejo de fromacion Turistica De Mexico, S.A.'], 'file_date': ['7-10-16']}","{""file_date"": ""07/31/2016"", ""foreign_principle_name"": ""Consejo de formacion Turistica De Mexico, S.A."", ""registrant_name"": ""Burson Marstellar, LLC"", ""registration_num"": """", ""signer_name"": """", ""signer_title"": """"}","{'file_date': '07/31/2016', 'foreign_principle_name': 'Consejo de formacion Turistica De Mexico, S.A.', 'registrant_name': 'Burson Marstellar, LLC', 'registration_num': '', 'signer_name': '', 'signer_title': ''}","{'file_date': '2016-07-31', 'foreign_principle_name': 'Consejo De Formacion Turistica De Mexico, S.a.', 'registrant_name': 'Burson Marstellar, Llc', 'registration_num': '', 'signer_name': '', 'signer_title': ''}","{'file_date': ['2016-07-10'], 'foreign_principle_name': ['Consejo De Fromacion Turistica De Mexico, S.a.'], 'registrant_name': ['Burson Marstellar, Llc'], 'registration_num': ['6227'], 'signer_name': '', 'signer_title': ''}",0.3333333333333333,0.3333333333333333,0.3333333333333333,0.5,0.5,0.5,0.4,0.4,0.4,"{'file_date': 0, 'foreign_principle_name': 0, 'registrant_name': 1, 'registration_num': 0}","{'file_date': 0, 'foreign_principle_name': 0, 'registrant_name': 1, 'registration_num': 0}","{'file_date': 0, 'foreign_principle_name': 0, 'registrant_name': 1, 'registration_num': 0}",0.3333333333333333,0.3333333333333333,0.3333333333333333,0.5,0.5,0.5,0.4,0.4,0.4,"{'file_date': 0, 'foreign_principle_name': 0, 'registrant_name': 1, 'registration_num': 0}","{'file_date': 0, 'foreign_principle_name': 0, 'registrant_name': 1, 'registration_num': 0}","{'file_date': 0, 'foreign_principle_name': 0, 'registrant_name': 1, 'registration_num': 0}",0.6729559748427673,0.6729559748427673,0.7987421383647799,1.0,1.0,1.0,0.8045112781954886,0.8045112781954886,0.8881118881118881,"{'file_date': 0, 'foreign_principle_name': 1, 'registrant_name': 1, 'registration_num': 0}","{'file_date': 0, 'foreign_principle_name': 1, 'registrant_name': 1, 'registration_num': 0}","{'file_date': 0, 'foreign_principle_name': 1, 'registrant_name': 1, 'registration_num': 0}"
4,llama3-70b-8192,15.43,40,vrdu,fixed,1383,,no_schema,,1033,STL,layout-aware,"20090414_LeClairRyan, A Professional Corporation_Williams, Krystal J._Short-Form.pdf","{'registration_num': ['5901'], 'registrant_name': ['LeClairRyan, A Professional Corporation'], 'foreign_principle_name': ['The Kingdom of Morocco'], 'file_date': ['9 19\n(Day of signature)']}","{""file_date"": """", ""foreign_principle_name"": ""('The Kingdom of Morocco',)"", ""registrant_name"": ""LeClairRyan, A Professional Corporation"", ""registration_num"": """", ""signer_name"": """", ""signer_title"": """"}","{'file_date': '', 'foreign_principle_name': ""('The Kingdom of Morocco',)"", 'registrant_name': 'LeClairRyan, A Professional Corporation', 'registration_num': '', 'signer_name': '', 'signer_title': ''}","{'file_date': '', 'foreign_principle_name': ""('the Kingdom Of Morocco',)"", 'registrant_name': 'Leclairryan, A Professional Corporation', 'registration_num': '', 'signer_name': '', 'signer_title': ''}","{'file_date': ['9 19 (day of signature)'], 'foreign_principle_name': ['The Kingdom Of Morocco'], 'registrant_name': ['Leclairryan, A Professional Corporation'], 'registration_num': ['5901'], 'signer_name': '', 'signer_title': ''}",0.5,0.5,0.5,0.3333333333333333,0.3333333333333333,0.3333333333333333,0.4,0.4,0.4,"{'file_date': 0, 'foreign_principle_name': 0, 'registrant_name': 1, 'registration_num': 0}","{'file_date': 0, 'foreign_principle_name': 0, 'registrant_name': 1, 'registration_num': 0}","{'file_date': 0, 'foreign_principle_name': 0, 'registrant_name': 1, 'registration_num': 0}",1.0,1.0,0.5,0.5,0.5,0.3333333333333333,0.6666666666666666,0.6666666666666666,0.4,"{'file_date': 0, 'foreign_principle_name': 1, 'registrant_name': 1, 'registration_num': 0}","{'file_date': 0, 'foreign_principle_name': 1, 'registrant_name': 1, 'registration_num': 0}","{'file_date': 0, 'foreign_principle_name': 0, 'registrant_name': 1, 'registration_num': 0}",0.6729559748427673,0.6729559748427673,0.7987421383647799,1.0,1.0,1.0,0.8045112781954886,0.8045112781954886,0.8881118881118881,"{'file_date': 0, 'foreign_principle_name': 1, 'registrant_name': 1, 'registration_num': 0}","{'file_date': 0, 'foreign_principle_name': 1, 'registrant_name': 1, 'registration_num': 0}","{'file_date': 0, 'foreign_principle_name': 1, 'registrant_name': 1, 'registration_num': 0}"
