experiment_id,model_name,chunk_size,prompt_type,example_num,transformation_method,match_results_initial_exact,match_results_mapped_exact,match_results_cleaned_exact,match_results_initial_substring,match_results_mapped_substring,match_results_cleaned_substring,match_results_initial_fuzzy,match_results_mapped_fuzzy,match_results_cleaned_fuzzy,f1_initial_exact,f1_mapped_exact,f1_cleaned_exact,f1_initial_substring,f1_mapped_substring,f1_cleaned_substring,f1_initial_fuzzy,f1_mapped_fuzzy,f1_cleaned_fuzzy,level_type,chunk_size_category
0,gpt-4o,2958,no_schema,,layout-aware,"{'registrant_name': 0, 'registration_num': 0}","{'registrant_name': 0, 'registration_num': 0}","{'registrant_name': 0, 'registration_num': 1}","{'registrant_name': 0, 'registration_num': 1}","{'registrant_name': 0, 'registration_num': 1}","{'registrant_name': 0, 'registration_num': 1}","{'registrant_name': 0, 'registration_num': 1}","{'registrant_name': 0, 'registration_num': 1}","{'registrant_name': 0, 'registration_num': 1}",0.669154328398026,0.669154328398026,0.746858743497399,0.6896025076697347,0.6896025076697347,0.7603307989862612,0.75027027027027,0.75027027027027,0.7958333333333332,STL,max
1,gpt-4o,2958,no_schema,,naive,"{'registrant_name': 0, 'registration_num': 0}","{'registrant_name': 0, 'registration_num': 0}","{'registrant_name': 0, 'registration_num': 1}","{'registrant_name': 0, 'registration_num': 1}","{'registrant_name': 0, 'registration_num': 1}","{'registrant_name': 0, 'registration_num': 1}","{'registrant_name': 0, 'registration_num': 1}","{'registrant_name': 0, 'registration_num': 1}","{'registrant_name': 0, 'registration_num': 1}",0.6727957849806591,0.6727957849806591,0.7502667733760171,0.6932439642523678,0.6932439642523678,0.7637388288648794,0.7543103448275861,0.7543103448275861,0.7983367983367978,STL,max
2,gpt-4o,2958,no_schema,,layout-aware,"{'registrant_name': 0, 'registration_num': 0}","{'registrant_name': 0, 'registration_num': 0}","{'registrant_name': 0, 'registration_num': 1}","{'registrant_name': 0, 'registration_num': 1}","{'registrant_name': 0, 'registration_num': 1}","{'registrant_name': 0, 'registration_num': 1}","{'registrant_name': 0, 'registration_num': 1}","{'registrant_name': 0, 'registration_num': 1}","{'registrant_name': 0, 'registration_num': 1}",0.6679538482059492,0.6679538482059492,0.7480258770174738,0.6884020274776579,0.6884020274776579,0.761497932506336,0.75027027027027,0.75027027027027,0.7970863683662848,UTL,max
3,gpt-4o,2958,no_schema,,naive,"{'registrant_name': 0, 'registration_num': 0}","{'registrant_name': 0, 'registration_num': 0}","{'registrant_name': 0, 'registration_num': 1}","{'registrant_name': 0, 'registration_num': 1}","{'registrant_name': 0, 'registration_num': 1}","{'registrant_name': 0, 'registration_num': 1}","{'registrant_name': 0, 'registration_num': 1}","{'registrant_name': 0, 'registration_num': 1}","{'registrant_name': 0, 'registration_num': 1}",0.6705548886221157,0.6705548886221157,0.7471388555422169,0.6910030678938244,0.6910030678938244,0.7606109110310791,0.7516198704103674,0.7516198704103674,0.7970863683662848,UTL,max
4,gpt-4o,1383,no_schema,,layout-aware,"{'registrant_name': 0, 'registration_num': 0}","{'registrant_name': 0, 'registration_num': 0}","{'registrant_name': 0, 'registration_num': 1}","{'registrant_name': 0, 'registration_num': 1}","{'registrant_name': 0, 'registration_num': 1}","{'registrant_name': 0, 'registration_num': 1}","{'registrant_name': 0, 'registration_num': 1}","{'registrant_name': 0, 'registration_num': 1}","{'registrant_name': 0, 'registration_num': 1}",0.6663131919434442,0.6663131919434442,0.7456849406429239,0.6890022675736962,0.6890022675736962,0.7602774443110578,0.7516198704103674,0.7516198704103674,0.7970863683662848,STL,medium
5,gpt-4o,1383,no_schema,,naive,"{'registrant_name': 0, 'registration_num': 0}","{'registrant_name': 0, 'registration_num': 0}","{'registrant_name': 0, 'registration_num': 1}","{'registrant_name': 0, 'registration_num': 1}","{'registrant_name': 0, 'registration_num': 1}","{'registrant_name': 0, 'registration_num': 1}","{'registrant_name': 0, 'registration_num': 1}","{'registrant_name': 0, 'registration_num': 1}","{'registrant_name': 0, 'registration_num': 1}",0.6681139122315595,0.6681139122315595,0.7457849806589303,0.6908029878618116,0.6908029878618116,0.7603774843270642,0.7529665587918011,0.7529665587918011,0.7970863683662848,STL,medium
6,gpt-4o,1383,no_schema,,layout-aware,"{'registrant_name': 0, 'registration_num': 0}","{'registrant_name': 0, 'registration_num': 0}","{'registrant_name': 0, 'registration_num': 1}","{'registrant_name': 0, 'registration_num': 1}","{'registrant_name': 0, 'registration_num': 1}","{'registrant_name': 0, 'registration_num': 1}","{'registrant_name': 0, 'registration_num': 1}","{'registrant_name': 0, 'registration_num': 1}","{'registrant_name': 0, 'registration_num': 1}",0.6679538482059492,0.6679538482059492,0.7482259570494865,0.691843404028278,0.691843404028278,0.7651393890889691,0.7516198704103674,0.7516198704103674,0.7983367983367978,UTL,medium
7,gpt-4o,1383,no_schema,,naive,"{'registrant_name': 0, 'registration_num': 0}","{'registrant_name': 0, 'registration_num': 0}","{'registrant_name': 0, 'registration_num': 1}","{'registrant_name': 0, 'registration_num': 1}","{'registrant_name': 0, 'registration_num': 1}","{'registrant_name': 0, 'registration_num': 1}","{'registrant_name': 0, 'registration_num': 1}","{'registrant_name': 0, 'registration_num': 1}","{'registrant_name': 0, 'registration_num': 1}",0.6663131919434442,0.6663131919434442,0.7431639322395626,0.6890022675736962,0.6890022675736962,0.7577564359076965,0.7516198704103674,0.7516198704103674,0.7958333333333332,UTL,medium
8,gpt-4o,595,no_schema,,layout-aware,"{'registrant_name': 0, 'registration_num': 0}","{'registrant_name': 0, 'registration_num': 0}","{'registrant_name': 0, 'registration_num': 1}","{'registrant_name': 0, 'registration_num': 1}","{'registrant_name': 0, 'registration_num': 1}","{'registrant_name': 0, 'registration_num': 1}","{'registrant_name': 0, 'registration_num': 1}","{'registrant_name': 0, 'registration_num': 1}","{'registrant_name': 0, 'registration_num': 1}",0.519814592503668,0.519814592503668,0.5932106175803655,0.7050553554755237,0.7050553554755237,0.7696611978124585,0.7184035476718406,0.7184035476718406,0.7556512378902045,STL,small
9,gpt-4o,595,no_schema,,naive,"{'registrant_name': 0, 'registration_num': 0}","{'registrant_name': 0, 'registration_num': 0}","{'registrant_name': 0, 'registration_num': 1}","{'registrant_name': 0, 'registration_num': 1}","{'registrant_name': 0, 'registration_num': 1}","{'registrant_name': 0, 'registration_num': 1}","{'registrant_name': 0, 'registration_num': 1}","{'registrant_name': 0, 'registration_num': 1}","{'registrant_name': 0, 'registration_num': 1}",0.5246165132719753,0.5246165132719753,0.5967120181405896,0.7022542350273443,0.7022542350273443,0.7646191810057357,0.7184035476718406,0.7184035476718406,0.7543103448275861,STL,small
10,gpt-4o,595,no_schema,,layout-aware,"{'registrant_name': 0, 'registration_num': 0}","{'registrant_name': 0, 'registration_num': 0}","{'registrant_name': 0, 'registration_num': 1}","{'registrant_name': 0, 'registration_num': 1}","{'registrant_name': 0, 'registration_num': 1}","{'registrant_name': 0, 'registration_num': 1}","{'registrant_name': 0, 'registration_num': 1}","{'registrant_name': 0, 'registration_num': 1}","{'registrant_name': 0, 'registration_num': 1}",0.5274176337201547,0.5274176337201547,0.597545684940643,0.7110310790983061,0.7110310790983061,0.7708616780045352,0.7212389380530969,0.7212389380530969,0.7556512378902045,UTL,small
11,gpt-4o,595,no_schema,,naive,"{'registrant_name': 0, 'registration_num': 0}","{'registrant_name': 0, 'registration_num': 0}","{'registrant_name': 0, 'registration_num': 1}","{'registrant_name': 0, 'registration_num': 1}","{'registrant_name': 0, 'registration_num': 1}","{'registrant_name': 0, 'registration_num': 1}","{'registrant_name': 0, 'registration_num': 1}","{'registrant_name': 0, 'registration_num': 1}","{'registrant_name': 0, 'registration_num': 1}",0.5234160330798986,0.5234160330798986,0.5957449646525277,0.7065492863812193,0.7065492863812193,0.767420301453915,0.7184035476718406,0.7184035476718406,0.7529665587918011,UTL,small
12,gpt-4o,2996,few_shot,0.0,layout-aware,"{'registrant_name': 0, 'registration_num': 0}","{'registrant_name': 0, 'registration_num': 0}","{'registrant_name': 0, 'registration_num': 1}","{'registrant_name': 0, 'registration_num': 1}","{'registrant_name': 0, 'registration_num': 1}","{'registrant_name': 0, 'registration_num': 1}","{'registrant_name': 0, 'registration_num': 1}","{'registrant_name': 0, 'registration_num': 1}","{'registrant_name': 0, 'registration_num': 1}",0.6766039749233027,0.6766039749233027,0.7551687341603309,0.6958516740029347,0.6958516740029347,0.7663198612778445,0.7543103448275861,0.7543103448275861,0.8008298755186725,STL,max
13,gpt-4o,2996,few_shot,0.0,naive,"{'registrant_name': 0, 'registration_num': 0}","{'registrant_name': 0, 'registration_num': 0}","{'registrant_name': 0, 'registration_num': 1}","{'registrant_name': 0, 'registration_num': 1}","{'registrant_name': 0, 'registration_num': 1}","{'registrant_name': 0, 'registration_num': 1}","{'registrant_name': 0, 'registration_num': 1}","{'registrant_name': 0, 'registration_num': 1}","{'registrant_name': 0, 'registration_num': 1}",0.6723622782446312,0.6723622782446312,0.7487061491263173,0.6916099773242631,0.6916099773242631,0.7587368280645592,0.7516198704103674,0.7516198704103674,0.7970863683662848,STL,max
14,gpt-4o,2881,few_shot,1.0,layout-aware,"{'registrant_name': 0, 'registration_num': 1}","{'registrant_name': 0, 'registration_num': 1}","{'registrant_name': 0, 'registration_num': 1}","{'registrant_name': 0, 'registration_num': 1}","{'registrant_name': 0, 'registration_num': 1}","{'registrant_name': 0, 'registration_num': 1}","{'registrant_name': 0, 'registration_num': 1}","{'registrant_name': 0, 'registration_num': 1}","{'registrant_name': 0, 'registration_num': 1}",0.6140886657693381,0.6140886657693381,0.7556422569027612,0.6230255738659101,0.6230255738659101,0.7625450180072029,0.6788571428571428,0.6788571428571428,0.7995846313603323,STL,max
15,gpt-4o,2881,few_shot,1.0,naive,"{'registrant_name': 0, 'registration_num': 1}","{'registrant_name': 0, 'registration_num': 1}","{'registrant_name': 0, 'registration_num': 1}","{'registrant_name': 0, 'registration_num': 1}","{'registrant_name': 0, 'registration_num': 1}","{'registrant_name': 0, 'registration_num': 1}","{'registrant_name': 0, 'registration_num': 1}","{'registrant_name': 0, 'registration_num': 1}","{'registrant_name': 0, 'registration_num': 1}",0.6140886657693381,0.6140886657693381,0.7545218087234894,0.6230255738659101,0.6230255738659101,0.7614245698279313,0.6803652968036534,0.6803652968036534,0.8008298755186725,STL,max
16,gpt-4o,2650,few_shot,3.0,layout-aware,"{'registrant_name': 0, 'registration_num': 1}","{'registrant_name': 0, 'registration_num': 1}","{'registrant_name': 0, 'registration_num': 1}","{'registrant_name': 0, 'registration_num': 1}","{'registrant_name': 0, 'registration_num': 1}","{'registrant_name': 0, 'registration_num': 1}","{'registrant_name': 0, 'registration_num': 1}","{'registrant_name': 0, 'registration_num': 1}","{'registrant_name': 0, 'registration_num': 1}",0.6080662568057527,0.6080662568057527,0.7529211684673871,0.6166696981823033,0.6166696981823033,0.7595905028678138,0.6727898966704936,0.6727898966704936,0.7995846313603323,STL,max
17,gpt-4o,2650,few_shot,3.0,naive,"{'registrant_name': 0, 'registration_num': 1}","{'registrant_name': 0, 'registration_num': 1}","{'registrant_name': 0, 'registration_num': 1}","{'registrant_name': 0, 'registration_num': 1}","{'registrant_name': 0, 'registration_num': 1}","{'registrant_name': 0, 'registration_num': 1}","{'registrant_name': 0, 'registration_num': 1}","{'registrant_name': 0, 'registration_num': 1}","{'registrant_name': 0, 'registration_num': 1}",0.6058253604472094,0.6058253604472094,0.7540082699746566,0.6160294420798623,0.6160294420798623,0.7618780845671602,0.6743119266055042,0.6743119266055042,0.8008298755186725,STL,max
18,gpt-4o,2420,few_shot,5.0,layout-aware,"{'registrant_name': 0, 'registration_num': 1}","{'registrant_name': 0, 'registration_num': 1}","{'registrant_name': 0, 'registration_num': 1}","{'registrant_name': 0, 'registration_num': 1}","{'registrant_name': 0, 'registration_num': 1}","{'registrant_name': 0, 'registration_num': 1}","{'registrant_name': 0, 'registration_num': 1}","{'registrant_name': 0, 'registration_num': 1}","{'registrant_name': 0, 'registration_num': 1}",0.6048649762935477,0.6048649762935477,0.762311591303188,0.6148689778941882,0.6148689778941882,0.7701013738828866,0.6788571428571428,0.6788571428571428,0.8057851239669419,STL,max
19,gpt-4o,2420,few_shot,5.0,naive,"{'registrant_name': 0, 'registration_num': 1}","{'registrant_name': 0, 'registration_num': 1}","{'registrant_name': 0, 'registration_num': 1}","{'registrant_name': 0, 'registration_num': 1}","{'registrant_name': 0, 'registration_num': 1}","{'registrant_name': 0, 'registration_num': 1}","{'registrant_name': 0, 'registration_num': 1}","{'registrant_name': 0, 'registration_num': 1}","{'registrant_name': 0, 'registration_num': 1}",0.6012235197109148,0.6012235197109148,0.7601507269574497,0.6126280815356447,0.6126280815356447,0.7690609577164199,0.677345537757437,0.677345537757437,0.8057851239669419,STL,max
20,gpt-4o,2996,few_shot,0.0,layout-aware,"{'registrant_name': 0, 'registration_num': 0}","{'registrant_name': 0, 'registration_num': 0}","{'registrant_name': 0, 'registration_num': 1}","{'registrant_name': 0, 'registration_num': 1}","{'registrant_name': 0, 'registration_num': 1}","{'registrant_name': 0, 'registration_num': 1}","{'registrant_name': 0, 'registration_num': 1}","{'registrant_name': 0, 'registration_num': 1}","{'registrant_name': 0, 'registration_num': 1}",0.6565959717220222,0.6565959717220222,0.7369614512471656,0.6758436708016541,0.6758436708016541,0.7469921301854077,0.740740740740741,0.740740740740741,0.788259958071279,UTL,max
21,gpt-4o,2996,few_shot,0.0,naive,"{'registrant_name': 0, 'registration_num': 0}","{'registrant_name': 0, 'registration_num': 0}","{'registrant_name': 0, 'registration_num': 1}","{'registrant_name': 0, 'registration_num': 1}","{'registrant_name': 0, 'registration_num': 1}","{'registrant_name': 0, 'registration_num': 1}","{'registrant_name': 0, 'registration_num': 1}","{'registrant_name': 0, 'registration_num': 1}","{'registrant_name': 0, 'registration_num': 1}",0.6585967720421503,0.6585967720421503,0.737981859410431,0.6778444711217821,0.6778444711217821,0.748012538348673,0.7421109902067462,0.7421109902067462,0.7895287958115186,UTL,max
22,gpt-4o,2881,few_shot,1.0,layout-aware,"{'registrant_name': 0, 'registration_num': 1}","{'registrant_name': 0, 'registration_num': 1}","{'registrant_name': 0, 'registration_num': 1}","{'registrant_name': 0, 'registration_num': 1}","{'registrant_name': 0, 'registration_num': 1}","{'registrant_name': 0, 'registration_num': 1}","{'registrant_name': 0, 'registration_num': 1}","{'registrant_name': 0, 'registration_num': 1}","{'registrant_name': 0, 'registration_num': 1}",0.6017837438005507,0.6017837438005507,0.751467253568094,0.611787745401191,0.611787745401191,0.7592570361477926,0.6727898966704936,0.6727898966704936,0.7983367983367978,UTL,max
23,gpt-4o,2881,few_shot,1.0,naive,"{'registrant_name': 0, 'registration_num': 1}","{'registrant_name': 0, 'registration_num': 1}","{'registrant_name': 0, 'registration_num': 1}","{'registrant_name': 0, 'registration_num': 1}","{'registrant_name': 0, 'registration_num': 1}","{'registrant_name': 0, 'registration_num': 1}","{'registrant_name': 0, 'registration_num': 1}","{'registrant_name': 0, 'registration_num': 1}","{'registrant_name': 0, 'registration_num': 1}",0.5948209586865051,0.5948209586865051,0.7438041883420036,0.6064256005432478,0.6064256005432478,0.7527944511137791,0.6697353279631764,0.6697353279631764,0.7945776850886342,UTL,max
24,gpt-4o,2650,few_shot,3.0,layout-aware,"{'registrant_name': 0, 'registration_num': 1}","{'registrant_name': 0, 'registration_num': 1}","{'registrant_name': 0, 'registration_num': 1}","{'registrant_name': 0, 'registration_num': 1}","{'registrant_name': 0, 'registration_num': 1}","{'registrant_name': 0, 'registration_num': 1}","{'registrant_name': 0, 'registration_num': 1}","{'registrant_name': 0, 'registration_num': 1}","{'registrant_name': 0, 'registration_num': 1}",0.6074260007033117,0.6074260007033117,0.7515472855808991,0.6188305625280416,0.6188305625280416,0.7615779645191411,0.677345537757437,0.677345537757437,0.7983367983367978,UTL,max
25,gpt-4o,2650,few_shot,3.0,naive,"{'registrant_name': 0, 'registration_num': 1}","{'registrant_name': 0, 'registration_num': 1}","{'registrant_name': 0, 'registration_num': 1}","{'registrant_name': 0, 'registration_num': 1}","{'registrant_name': 0, 'registration_num': 1}","{'registrant_name': 0, 'registration_num': 1}","{'registrant_name': 0, 'registration_num': 1}","{'registrant_name': 0, 'registration_num': 1}","{'registrant_name': 0, 'registration_num': 1}",0.6130682576060729,0.6130682576060729,0.7546485260770975,0.623072259206713,0.623072259206713,0.7635587568360679,0.6818700114025086,0.6818700114025086,0.8008298755186725,UTL,max
26,gpt-4o,2420,few_shot,5.0,layout-aware,"{'registrant_name': 0, 'registration_num': 1}","{'registrant_name': 0, 'registration_num': 1}","{'registrant_name': 0, 'registration_num': 1}","{'registrant_name': 0, 'registration_num': 1}","{'registrant_name': 0, 'registration_num': 1}","{'registrant_name': 0, 'registration_num': 1}","{'registrant_name': 0, 'registration_num': 1}","{'registrant_name': 0, 'registration_num': 1}","{'registrant_name': 0, 'registration_num': 1}",0.6013635757333238,0.6013635757333238,0.7505268774176338,0.611601004037979,0.611601004037979,0.7605575563558757,0.6712643678160919,0.6712643678160919,0.7958333333333332,UTL,max
27,gpt-4o,2420,few_shot,5.0,naive,"{'registrant_name': 0, 'registration_num': 1}","{'registrant_name': 0, 'registration_num': 1}","{'registrant_name': 0, 'registration_num': 1}","{'registrant_name': 0, 'registration_num': 1}","{'registrant_name': 0, 'registration_num': 1}","{'registrant_name': 0, 'registration_num': 1}","{'registrant_name': 0, 'registration_num': 1}","{'registrant_name': 0, 'registration_num': 1}","{'registrant_name': 0, 'registration_num': 1}",0.6028641759734197,0.6028641759734197,0.7543684140322796,0.6142687377981496,0.6142687377981496,0.7643990929705216,0.6727898966704936,0.6727898966704936,0.7983367983367978,UTL,max
28,gpt-4o,1421,few_shot,0.0,layout-aware,"{'registrant_name': 0, 'registration_num': 0}","{'registrant_name': 0, 'registration_num': 0}","{'registrant_name': 0, 'registration_num': 1}","{'registrant_name': 0, 'registration_num': 1}","{'registrant_name': 0, 'registration_num': 1}","{'registrant_name': 0, 'registration_num': 1}","{'registrant_name': 0, 'registration_num': 1}","{'registrant_name': 0, 'registration_num': 1}","{'registrant_name': 0, 'registration_num': 1}",0.6689209016940111,0.6689209016940111,0.7491063091903429,0.6893690809657197,0.6893690809657197,0.7614579164999334,0.75027027027027,0.75027027027027,0.7970863683662848,STL,medium
29,gpt-4o,1421,few_shot,0.0,naive,"{'registrant_name': 0, 'registration_num': 0}","{'registrant_name': 0, 'registration_num': 0}","{'registrant_name': 0, 'registration_num': 1}","{'registrant_name': 0, 'registration_num': 1}","{'registrant_name': 0, 'registration_num': 1}","{'registrant_name': 0, 'registration_num': 1}","{'registrant_name': 0, 'registration_num': 1}","{'registrant_name': 0, 'registration_num': 1}","{'registrant_name': 0, 'registration_num': 1}",0.6721221822062159,0.6721221822062159,0.7490863011871417,0.6913698812858478,0.6913698812858478,0.7591169801253836,0.7516198704103674,0.7516198704103674,0.7970863683662848,STL,medium
30,gpt-4o,1306,few_shot,1.0,layout-aware,"{'registrant_name': 0, 'registration_num': 1}","{'registrant_name': 0, 'registration_num': 1}","{'registrant_name': 0, 'registration_num': 1}","{'registrant_name': 0, 'registration_num': 1}","{'registrant_name': 0, 'registration_num': 1}","{'registrant_name': 0, 'registration_num': 1}","{'registrant_name': 0, 'registration_num': 1}","{'registrant_name': 0, 'registration_num': 1}","{'registrant_name': 0, 'registration_num': 1}",0.6078261607673374,0.6078261607673374,0.748059223689476,0.6215249736258139,0.6215249736258139,0.7583233293317327,0.6758304696449029,0.6758304696449029,0.7958333333333332,STL,medium
31,gpt-4o,1306,few_shot,1.0,naive,"{'registrant_name': 0, 'registration_num': 1}","{'registrant_name': 0, 'registration_num': 1}","{'registrant_name': 0, 'registration_num': 1}","{'registrant_name': 0, 'registration_num': 1}","{'registrant_name': 0, 'registration_num': 1}","{'registrant_name': 0, 'registration_num': 1}","{'registrant_name': 0, 'registration_num': 1}","{'registrant_name': 0, 'registration_num': 1}","{'registrant_name': 0, 'registration_num': 1}",0.6092267209914269,0.6092267209914269,0.7507803121248501,0.6215249736258139,0.6215249736258139,0.7599239695878353,0.677345537757437,0.677345537757437,0.7983367983367978,STL,medium
32,gpt-4o,1075,few_shot,3.0,layout-aware,"{'registrant_name': 0, 'registration_num': 1}","{'registrant_name': 0, 'registration_num': 1}","{'registrant_name': 0, 'registration_num': 1}","{'registrant_name': 0, 'registration_num': 1}","{'registrant_name': 0, 'registration_num': 1}","{'registrant_name': 0, 'registration_num': 1}","{'registrant_name': 0, 'registration_num': 1}","{'registrant_name': 0, 'registration_num': 1}","{'registrant_name': 0, 'registration_num': 1}",0.6013035517237199,0.6013035517237199,0.7480258770174737,0.6182703384384057,0.6182703384384057,0.7607576363878886,0.6788571428571428,0.6788571428571428,0.8020725388601038,STL,medium
33,gpt-4o,1075,few_shot,3.0,naive,"{'registrant_name': 0, 'registration_num': 1}","{'registrant_name': 0, 'registration_num': 1}","{'registrant_name': 0, 'registration_num': 1}","{'registrant_name': 0, 'registration_num': 1}","{'registrant_name': 0, 'registration_num': 1}","{'registrant_name': 0, 'registration_num': 1}","{'registrant_name': 0, 'registration_num': 1}","{'registrant_name': 0, 'registration_num': 1}","{'registrant_name': 0, 'registration_num': 1}",0.6027041119478095,0.6027041119478095,0.7479791916766708,0.6182703384384057,0.6182703384384057,0.7595905028678138,0.6758304696449029,0.6758304696449029,0.7995846313603323,STL,medium
34,gpt-4o,844,few_shot,5.0,layout-aware,"{'registrant_name': 0, 'registration_num': 1}","{'registrant_name': 0, 'registration_num': 1}","{'registrant_name': 0, 'registration_num': 1}","{'registrant_name': 0, 'registration_num': 1}","{'registrant_name': 0, 'registration_num': 1}","{'registrant_name': 0, 'registration_num': 1}","{'registrant_name': 0, 'registration_num': 1}","{'registrant_name': 0, 'registration_num': 1}","{'registrant_name': 0, 'registration_num': 1}",0.5955448846205149,0.5955448846205149,0.7414632519674537,0.6212715389185979,0.6212715389185979,0.7729024943310658,0.6833712984054665,0.6833712984054665,0.8020725388601038,STL,medium
35,gpt-4o,844,few_shot,5.0,naive,"{'registrant_name': 0, 'registration_num': 1}","{'registrant_name': 0, 'registration_num': 1}","{'registrant_name': 0, 'registration_num': 1}","{'registrant_name': 0, 'registration_num': 1}","{'registrant_name': 0, 'registration_num': 1}","{'registrant_name': 0, 'registration_num': 1}","{'registrant_name': 0, 'registration_num': 1}","{'registrant_name': 0, 'registration_num': 1}","{'registrant_name': 0, 'registration_num': 1}",0.5955448846205149,0.5955448846205149,0.7414632519674537,0.6196708986624955,0.6196708986624955,0.7686007736427904,0.6818700114025086,0.6818700114025086,0.8008298755186725,STL,medium
36,gpt-4o,1421,few_shot,0.0,layout-aware,"{'registrant_name': 0, 'registration_num': 0}","{'registrant_name': 0, 'registration_num': 0}","{'registrant_name': 0, 'registration_num': 1}","{'registrant_name': 0, 'registration_num': 1}","{'registrant_name': 0, 'registration_num': 1}","{'registrant_name': 0, 'registration_num': 1}","{'registrant_name': 0, 'registration_num': 1}","{'registrant_name': 0, 'registration_num': 1}","{'registrant_name': 0, 'registration_num': 1}",0.6585967720421503,0.6585967720421503,0.7407829798586103,0.6778444711217821,0.6778444711217821,0.7496932106175805,0.7434782608695654,0.7434782608695654,0.7907949790794978,UTL,medium
37,gpt-4o,1421,few_shot,0.0,naive,"{'registrant_name': 0, 'registration_num': 0}","{'registrant_name': 0, 'registration_num': 0}","{'registrant_name': 0, 'registration_num': 1}","{'registrant_name': 0, 'registration_num': 1}","{'registrant_name': 0, 'registration_num': 1}","{'registrant_name': 0, 'registration_num': 1}","{'registrant_name': 0, 'registration_num': 1}","{'registrant_name': 0, 'registration_num': 1}","{'registrant_name': 0, 'registration_num': 1}",0.6608376684006937,0.6608376684006937,0.7418233960250767,0.6800853674803256,0.6800853674803256,0.750733626784047,0.744842562432139,0.744842562432139,0.7920585161964475,UTL,medium
38,gpt-4o,1306,few_shot,1.0,layout-aware,"{'registrant_name': 0, 'registration_num': 1}","{'registrant_name': 0, 'registration_num': 1}","{'registrant_name': 0, 'registration_num': 1}","{'registrant_name': 0, 'registration_num': 1}","{'registrant_name': 0, 'registration_num': 1}","{'registrant_name': 0, 'registration_num': 1}","{'registrant_name': 0, 'registration_num': 1}","{'registrant_name': 0, 'registration_num': 1}","{'registrant_name': 0, 'registration_num': 1}",0.5950610547249204,0.5950610547249204,0.7481059090302788,0.6084264008633758,0.6084264008633758,0.7581365879685208,0.6727898966704936,0.6727898966704936,0.7983367983367978,UTL,medium
39,gpt-4o,1306,few_shot,1.0,naive,"{'registrant_name': 0, 'registration_num': 1}","{'registrant_name': 0, 'registration_num': 1}","{'registrant_name': 0, 'registration_num': 1}","{'registrant_name': 0, 'registration_num': 1}","{'registrant_name': 0, 'registration_num': 1}","{'registrant_name': 0, 'registration_num': 1}","{'registrant_name': 0, 'registration_num': 1}","{'registrant_name': 0, 'registration_num': 1}","{'registrant_name': 0, 'registration_num': 1}",0.6006632956212788,0.6006632956212788,0.751467253568094,0.6140286417597344,0.6140286417597344,0.761497932506336,0.6743119266055042,0.6743119266055042,0.7995846313603323,UTL,medium
40,gpt-4o,1075,few_shot,3.0,layout-aware,"{'registrant_name': 0, 'registration_num': 1}","{'registrant_name': 0, 'registration_num': 1}","{'registrant_name': 0, 'registration_num': 1}","{'registrant_name': 0, 'registration_num': 1}","{'registrant_name': 0, 'registration_num': 1}","{'registrant_name': 0, 'registration_num': 1}","{'registrant_name': 0, 'registration_num': 1}","{'registrant_name': 0, 'registration_num': 1}","{'registrant_name': 0, 'registration_num': 1}",0.6077061127481296,0.6077061127481296,0.7509070294784581,0.623072259206713,0.623072259206713,0.7635587568360679,0.6818700114025086,0.6818700114025086,0.8008298755186725,UTL,medium
41,gpt-4o,1075,few_shot,3.0,naive,"{'registrant_name': 0, 'registration_num': 1}","{'registrant_name': 0, 'registration_num': 1}","{'registrant_name': 0, 'registration_num': 1}","{'registrant_name': 0, 'registration_num': 1}","{'registrant_name': 0, 'registration_num': 1}","{'registrant_name': 0, 'registration_num': 1}","{'registrant_name': 0, 'registration_num': 1}","{'registrant_name': 0, 'registration_num': 1}","{'registrant_name': 0, 'registration_num': 1}",0.6063055525240401,0.6063055525240401,0.7525877017473657,0.623072259206713,0.623072259206713,0.7663598772842473,0.6803652968036534,0.6803652968036534,0.8020725388601038,UTL,medium
42,gpt-4o,844,few_shot,5.0,layout-aware,"{'registrant_name': 0, 'registration_num': 1}","{'registrant_name': 0, 'registration_num': 1}","{'registrant_name': 0, 'registration_num': 1}","{'registrant_name': 0, 'registration_num': 1}","{'registrant_name': 0, 'registration_num': 1}","{'registrant_name': 0, 'registration_num': 1}","{'registrant_name': 0, 'registration_num': 1}","{'registrant_name': 0, 'registration_num': 1}","{'registrant_name': 0, 'registration_num': 1}",0.6030879018273978,0.6030879018273978,0.7397825796985462,0.6252064462148497,0.6252064462148497,0.7692810457516341,0.6803652968036534,0.6803652968036534,0.7970863683662848,UTL,medium
43,gpt-4o,844,few_shot,5.0,naive,"{'registrant_name': 0, 'registration_num': 1}","{'registrant_name': 0, 'registration_num': 1}","{'registrant_name': 0, 'registration_num': 1}","{'registrant_name': 0, 'registration_num': 1}","{'registrant_name': 0, 'registration_num': 1}","{'registrant_name': 0, 'registration_num': 1}","{'registrant_name': 0, 'registration_num': 1}","{'registrant_name': 0, 'registration_num': 1}","{'registrant_name': 0, 'registration_num': 1}",0.5994864612511673,0.5994864612511673,0.7360410830999068,0.6216050056386191,0.6216050056386191,0.7692810457516341,0.677345537757437,0.677345537757437,0.7958333333333332,UTL,medium
44,gpt-4o,633,few_shot,0.0,layout-aware,"{'registrant_name': 0, 'registration_num': 0}","{'registrant_name': 0, 'registration_num': 0}","{'registrant_name': 0, 'registration_num': 1}","{'registrant_name': 0, 'registration_num': 1}","{'registrant_name': 0, 'registration_num': 1}","{'registrant_name': 0, 'registration_num': 1}","{'registrant_name': 0, 'registration_num': 1}","{'registrant_name': 0, 'registration_num': 1}","{'registrant_name': 0, 'registration_num': 1}",0.6032879818594103,0.6032879818594103,0.678184607176204,0.7037748432706417,0.7037748432706417,0.7655195411497934,0.7434782608695654,0.7434782608695654,0.7818756585879876,STL,small
45,gpt-4o,633,few_shot,0.0,naive,"{'registrant_name': 0, 'registration_num': 0}","{'registrant_name': 0, 'registration_num': 0}","{'registrant_name': 0, 'registration_num': 1}","{'registrant_name': 0, 'registration_num': 1}","{'registrant_name': 0, 'registration_num': 1}","{'registrant_name': 0, 'registration_num': 1}","{'registrant_name': 0, 'registration_num': 1}","{'registrant_name': 0, 'registration_num': 1}","{'registrant_name': 0, 'registration_num': 1}",0.6020875016673336,0.6020875016673336,0.6789849273042551,0.6979325063358678,0.6979325063358678,0.763918900893691,0.7421109902067462,0.7421109902067462,0.7831578947368423,STL,small
46,gpt-4o,518,few_shot,1.0,layout-aware,"{'registrant_name': 0, 'registration_num': 1}","{'registrant_name': 0, 'registration_num': 1}","{'registrant_name': 0, 'registration_num': 1}","{'registrant_name': 0, 'registration_num': 1}","{'registrant_name': 0, 'registration_num': 1}","{'registrant_name': 0, 'registration_num': 1}","{'registrant_name': 0, 'registration_num': 1}","{'registrant_name': 0, 'registration_num': 1}","{'registrant_name': 0, 'registration_num': 1}",0.5714716189506107,0.5714716189506107,0.6793450713618782,0.6244661500964023,0.6244661500964023,0.7587568360677605,0.6788571428571428,0.6788571428571428,0.7715196599362377,STL,small
47,gpt-4o,518,few_shot,1.0,naive,"{'registrant_name': 0, 'registration_num': 1}","{'registrant_name': 0, 'registration_num': 1}","{'registrant_name': 0, 'registration_num': 1}","{'registrant_name': 0, 'registration_num': 1}","{'registrant_name': 0, 'registration_num': 1}","{'registrant_name': 0, 'registration_num': 1}","{'registrant_name': 0, 'registration_num': 1}","{'registrant_name': 0, 'registration_num': 1}","{'registrant_name': 0, 'registration_num': 1}",0.5817157165896664,0.5817157165896664,0.6948312658396693,0.625586598275674,0.625586598275674,0.760997732426304,0.6788571428571428,0.6788571428571428,0.774125132555673,STL,small
48,gpt-4o,287,few_shot,3.0,layout-aware,"{'registrant_name': 0, 'registration_num': 1}","{'registrant_name': 0, 'registration_num': 1}","{'registrant_name': 0, 'registration_num': 1}","{'registrant_name': 0, 'registration_num': 1}","{'registrant_name': 0, 'registration_num': 1}","{'registrant_name': 0, 'registration_num': 1}","{'registrant_name': 0, 'registration_num': 1}","{'registrant_name': 0, 'registration_num': 1}","{'registrant_name': 0, 'registration_num': 1}",0.5574896625316794,0.5574896625316794,0.6689142323596106,0.6219051256866384,0.6219051256866384,0.759670534880619,0.6833712984054665,0.6833712984054665,0.7715196599362377,STL,small
49,gpt-4o,287,few_shot,3.0,naive,"{'registrant_name': 0, 'registration_num': 1}","{'registrant_name': 0, 'registration_num': 1}","{'registrant_name': 0, 'registration_num': 1}","{'registrant_name': 0, 'registration_num': 1}","{'registrant_name': 0, 'registration_num': 1}","{'registrant_name': 0, 'registration_num': 1}","{'registrant_name': 0, 'registration_num': 1}","{'registrant_name': 0, 'registration_num': 1}","{'registrant_name': 0, 'registration_num': 1}",0.5610510871015074,0.5610510871015074,0.6691943444044285,0.6219051256866384,0.6219051256866384,0.7558890222755771,0.6833712984054665,0.6833712984054665,0.7689030883919066,STL,small
50,gpt-4o,56,few_shot,5.0,layout-aware,"{'registrant_name': 0, 'registration_num': 1}","{'registrant_name': 0, 'registration_num': 1}","{'registrant_name': 0, 'registration_num': 1}","{'registrant_name': 0, 'registration_num': 1}","{'registrant_name': 0, 'registration_num': 1}","{'registrant_name': 0, 'registration_num': 1}","{'registrant_name': 0, 'registration_num': 1}","{'registrant_name': 0, 'registration_num': 1}","{'registrant_name': 0, 'registration_num': 1}",0.5335600907029477,0.5335600907029477,0.6552420968387356,0.6187038451744336,0.6187038451744336,0.7428237961851409,0.6743119266055042,0.6743119266055042,0.7715196599362377,STL,small
51,gpt-4o,56,few_shot,5.0,naive,"{'registrant_name': 0, 'registration_num': 1}","{'registrant_name': 0, 'registration_num': 1}","{'registrant_name': 0, 'registration_num': 1}","{'registrant_name': 0, 'registration_num': 1}","{'registrant_name': 0, 'registration_num': 1}","{'registrant_name': 0, 'registration_num': 1}","{'registrant_name': 0, 'registration_num': 1}","{'registrant_name': 0, 'registration_num': 1}","{'registrant_name': 0, 'registration_num': 1}",0.5319594504468453,0.5319594504468453,0.6508603441376551,0.6160027647422607,0.6160027647422607,0.740122715752968,0.6712643678160919,0.6712643678160919,0.7649572649572649,STL,small
52,gpt-4o,633,few_shot,0.0,layout-aware,"{'registrant_name': 0, 'registration_num': 0}","{'registrant_name': 0, 'registration_num': 0}","{'registrant_name': 0, 'registration_num': 1}","{'registrant_name': 0, 'registration_num': 1}","{'registrant_name': 0, 'registration_num': 1}","{'registrant_name': 0, 'registration_num': 1}","{'registrant_name': 0, 'registration_num': 1}","{'registrant_name': 0, 'registration_num': 1}","{'registrant_name': 0, 'registration_num': 1}",0.5972055488862211,0.5972055488862211,0.6743430705615581,0.690249433106576,0.690249433106576,0.7558556756035748,0.7352297592997812,0.7352297592997812,0.7754237288135594,UTL,small
53,gpt-4o,633,few_shot,0.0,naive,"{'registrant_name': 0, 'registration_num': 0}","{'registrant_name': 0, 'registration_num': 0}","{'registrant_name': 0, 'registration_num': 1}","{'registrant_name': 0, 'registration_num': 1}","{'registrant_name': 0, 'registration_num': 1}","{'registrant_name': 0, 'registration_num': 1}","{'registrant_name': 0, 'registration_num': 1}","{'registrant_name': 0, 'registration_num': 1}","{'registrant_name': 0, 'registration_num': 1}",0.6032879818594103,0.6032879818594103,0.6769841269841271,0.6998532746431907,0.6998532746431907,0.7648192610377484,0.740740740740741,0.740740740740741,0.7780126849894295,UTL,small
54,gpt-4o,518,few_shot,1.0,layout-aware,"{'registrant_name': 0, 'registration_num': 1}","{'registrant_name': 0, 'registration_num': 1}","{'registrant_name': 0, 'registration_num': 1}","{'registrant_name': 0, 'registration_num': 1}","{'registrant_name': 0, 'registration_num': 1}","{'registrant_name': 0, 'registration_num': 1}","{'registrant_name': 0, 'registration_num': 1}","{'registrant_name': 0, 'registration_num': 1}","{'registrant_name': 0, 'registration_num': 1}",0.5577261207513309,0.5577261207513309,0.6884553821528612,0.6109073932603344,0.6109073932603344,0.7505135387488331,0.6727898966704936,0.6727898966704936,0.7805907172995779,UTL,small
55,gpt-4o,518,few_shot,1.0,naive,"{'registrant_name': 0, 'registration_num': 1}","{'registrant_name': 0, 'registration_num': 1}","{'registrant_name': 0, 'registration_num': 1}","{'registrant_name': 0, 'registration_num': 1}","{'registrant_name': 0, 'registration_num': 1}","{'registrant_name': 0, 'registration_num': 1}","{'registrant_name': 0, 'registration_num': 1}","{'registrant_name': 0, 'registration_num': 1}","{'registrant_name': 0, 'registration_num': 1}",0.5534844240726595,0.5534844240726595,0.6860144057623049,0.606665696581663,0.606665696581663,0.7484126984126985,0.6712643678160919,0.6712643678160919,0.7793030623020063,UTL,small
56,gpt-4o,287,few_shot,3.0,layout-aware,"{'registrant_name': 0, 'registration_num': 1}","{'registrant_name': 0, 'registration_num': 1}","{'registrant_name': 0, 'registration_num': 1}","{'registrant_name': 0, 'registration_num': 1}","{'registrant_name': 0, 'registration_num': 1}","{'registrant_name': 0, 'registration_num': 1}","{'registrant_name': 0, 'registration_num': 1}","{'registrant_name': 0, 'registration_num': 1}","{'registrant_name': 0, 'registration_num': 1}",0.5654528478057891,0.5654528478057891,0.6821595304788584,0.6222252537378589,0.6222252537378589,0.7573429371748701,0.6818700114025086,0.6818700114025086,0.7728237791932059,UTL,small
57,gpt-4o,287,few_shot,3.0,naive,"{'registrant_name': 0, 'registration_num': 1}","{'registrant_name': 0, 'registration_num': 1}","{'registrant_name': 0, 'registration_num': 1}","{'registrant_name': 0, 'registration_num': 1}","{'registrant_name': 0, 'registration_num': 1}","{'registrant_name': 0, 'registration_num': 1}","{'registrant_name': 0, 'registration_num': 1}","{'registrant_name': 0, 'registration_num': 1}","{'registrant_name': 0, 'registration_num': 1}",0.5473856209150326,0.5473856209150326,0.6676737361611311,0.6222252537378589,0.6222252537378589,0.7573429371748701,0.6803652968036534,0.6803652968036534,0.7728237791932059,UTL,small
58,gpt-4o,56,few_shot,5.0,layout-aware,"{'registrant_name': 0, 'registration_num': 1}","{'registrant_name': 0, 'registration_num': 1}","{'registrant_name': 0, 'registration_num': 1}","{'registrant_name': 0, 'registration_num': 1}","{'registrant_name': 0, 'registration_num': 1}","{'registrant_name': 0, 'registration_num': 1}","{'registrant_name': 0, 'registration_num': 1}","{'registrant_name': 0, 'registration_num': 1}","{'registrant_name': 0, 'registration_num': 1}",0.5029478458049886,0.5029478458049886,0.6355942376950782,0.6083597075193716,0.6083597075193716,0.741670001333867,0.6682027649769585,0.6682027649769585,0.7675906183368868,UTL,small
59,gpt-4o,56,few_shot,5.0,naive,"{'registrant_name': 0, 'registration_num': 1}","{'registrant_name': 0, 'registration_num': 1}","{'registrant_name': 0, 'registration_num': 1}","{'registrant_name': 0, 'registration_num': 1}","{'registrant_name': 0, 'registration_num': 1}","{'registrant_name': 0, 'registration_num': 1}","{'registrant_name': 0, 'registration_num': 1}","{'registrant_name': 0, 'registration_num': 1}","{'registrant_name': 0, 'registration_num': 1}",0.506829398426037,0.506829398426037,0.631859410430839,0.60895994761541,0.60895994761541,0.7403894891289851,0.6666666666666669,0.6666666666666669,0.7636363636363638,UTL,small
60,gpt-4o,2996,chain_of_thought,0.0,layout-aware,"{'registrant_name': 0, 'registration_num': 0}","{'registrant_name': 0, 'registration_num': 0}","{'registrant_name': 0, 'registration_num': 1}","{'registrant_name': 0, 'registration_num': 1}","{'registrant_name': 0, 'registration_num': 1}","{'registrant_name': 0, 'registration_num': 1}","{'registrant_name': 0, 'registration_num': 1}","{'registrant_name': 0, 'registration_num': 1}","{'registrant_name': 0, 'registration_num': 1}",0.6593504068293986,0.6593504068293986,0.7394624516473257,0.6763105242096841,0.6763105242096841,0.7460851007069496,0.7366120218579237,0.7366120218579237,0.7857142857142861,STL,max
61,gpt-4o,2996,chain_of_thought,0.0,naive,"{'registrant_name': 0, 'registration_num': 0}","{'registrant_name': 0, 'registration_num': 0}","{'registrant_name': 0, 'registration_num': 1}","{'registrant_name': 0, 'registration_num': 1}","{'registrant_name': 0, 'registration_num': 1}","{'registrant_name': 0, 'registration_num': 1}","{'registrant_name': 0, 'registration_num': 1}","{'registrant_name': 0, 'registration_num': 1}","{'registrant_name': 0, 'registration_num': 1}",0.6591103107909831,0.6591103107909831,0.7348806189142325,0.6760704281712687,0.6760704281712687,0.7415032679738564,0.7352297592997812,0.7352297592997812,0.7831578947368423,STL,max
62,gpt-4o,2996,chain_of_thought,1.0,layout-aware,"{'registrant_name': 0, 'registration_num': 1}","{'registrant_name': 0, 'registration_num': 1}","{'registrant_name': 0, 'registration_num': 1}","{'registrant_name': 0, 'registration_num': 1}","{'registrant_name': 0, 'registration_num': 1}","{'registrant_name': 0, 'registration_num': 1}","{'registrant_name': 0, 'registration_num': 1}","{'registrant_name': 0, 'registration_num': 1}","{'registrant_name': 0, 'registration_num': 1}",0.6159894260734597,0.6159894260734597,0.7495331465919702,0.6263268943941214,0.6263268943941214,0.7575563558756836,0.677345537757437,0.677345537757437,0.7958333333333332,STL,max
63,gpt-4o,2996,chain_of_thought,1.0,naive,"{'registrant_name': 0, 'registration_num': 1}","{'registrant_name': 0, 'registration_num': 1}","{'registrant_name': 0, 'registration_num': 1}","{'registrant_name': 0, 'registration_num': 1}","{'registrant_name': 0, 'registration_num': 1}","{'registrant_name': 0, 'registration_num': 1}","{'registrant_name': 0, 'registration_num': 1}","{'registrant_name': 0, 'registration_num': 1}","{'registrant_name': 0, 'registration_num': 1}",0.6159894260734597,0.6159894260734597,0.752154195011338,0.6263268943941214,0.6263268943941214,0.7601774042950514,0.6788571428571428,0.6788571428571428,0.7983367983367978,STL,max
64,gpt-4o,2996,chain_of_thought,3.0,layout-aware,"{'registrant_name': 0, 'registration_num': 1}","{'registrant_name': 0, 'registration_num': 1}","{'registrant_name': 0, 'registration_num': 1}","{'registrant_name': 0, 'registration_num': 1}","{'registrant_name': 0, 'registration_num': 1}","{'registrant_name': 0, 'registration_num': 1}","{'registrant_name': 0, 'registration_num': 1}","{'registrant_name': 0, 'registration_num': 1}","{'registrant_name': 0, 'registration_num': 1}",0.6080662568057527,0.6080662568057527,0.7555889022275578,0.6166696981823033,0.6166696981823033,0.7622582366279846,0.677345537757437,0.677345537757437,0.8033126293995856,STL,max
65,gpt-4o,2996,chain_of_thought,3.0,naive,"{'registrant_name': 0, 'registration_num': 1}","{'registrant_name': 0, 'registration_num': 1}","{'registrant_name': 0, 'registration_num': 1}","{'registrant_name': 0, 'registration_num': 1}","{'registrant_name': 0, 'registration_num': 1}","{'registrant_name': 0, 'registration_num': 1}","{'registrant_name': 0, 'registration_num': 1}","{'registrant_name': 0, 'registration_num': 1}","{'registrant_name': 0, 'registration_num': 1}",0.6080662568057527,0.6080662568057527,0.7567093504068295,0.6166696981823033,0.6166696981823033,0.7633786848072563,0.677345537757437,0.677345537757437,0.8033126293995856,STL,max
66,gpt-4o,2996,chain_of_thought,5.0,layout-aware,"{'registrant_name': 0, 'registration_num': 1}","{'registrant_name': 0, 'registration_num': 1}","{'registrant_name': 0, 'registration_num': 1}","{'registrant_name': 0, 'registration_num': 1}","{'registrant_name': 0, 'registration_num': 1}","{'registrant_name': 0, 'registration_num': 1}","{'registrant_name': 0, 'registration_num': 1}","{'registrant_name': 0, 'registration_num': 1}","{'registrant_name': 0, 'registration_num': 1}",0.6042647361975095,0.6042647361975095,0.7596905428838202,0.6128681775740601,0.6128681775740601,0.766359877284247,0.677345537757437,0.677345537757437,0.8045501551189241,STL,max
67,gpt-4o,2996,chain_of_thought,5.0,naive,"{'registrant_name': 0, 'registration_num': 1}","{'registrant_name': 0, 'registration_num': 1}","{'registrant_name': 0, 'registration_num': 1}","{'registrant_name': 0, 'registration_num': 1}","{'registrant_name': 0, 'registration_num': 1}","{'registrant_name': 0, 'registration_num': 1}","{'registrant_name': 0, 'registration_num': 1}","{'registrant_name': 0, 'registration_num': 1}","{'registrant_name': 0, 'registration_num': 1}",0.6077661367577335,0.6077661367577335,0.7621248499399761,0.6148689778941882,0.6148689778941882,0.7678604775243432,0.6803652968036534,0.6803652968036534,0.8070175438596487,STL,max
68,gpt-4o,2996,chain_of_thought,0.0,layout-aware,"{'registrant_name': 0, 'registration_num': 0}","{'registrant_name': 0, 'registration_num': 0}","{'registrant_name': 0, 'registration_num': 1}","{'registrant_name': 0, 'registration_num': 1}","{'registrant_name': 0, 'registration_num': 1}","{'registrant_name': 0, 'registration_num': 1}","{'registrant_name': 0, 'registration_num': 1}","{'registrant_name': 0, 'registration_num': 1}","{'registrant_name': 0, 'registration_num': 1}",0.6637085137085139,0.6637085137085139,0.7391023075897026,0.681789079268071,0.681789079268071,0.7479658530078699,0.7379912663755459,0.7379912663755459,0.788259958071279,UTL,max
69,gpt-4o,2996,chain_of_thought,0.0,naive,"{'registrant_name': 0, 'registration_num': 0}","{'registrant_name': 0, 'registration_num': 0}","{'registrant_name': 0, 'registration_num': 1}","{'registrant_name': 0, 'registration_num': 1}","{'registrant_name': 0, 'registration_num': 1}","{'registrant_name': 0, 'registration_num': 1}","{'registrant_name': 0, 'registration_num': 1}","{'registrant_name': 0, 'registration_num': 1}","{'registrant_name': 0, 'registration_num': 1}",0.6572259206712989,0.6572259206712989,0.7337601707349608,0.6753064862308562,0.6753064862308562,0.742623716153128,0.7338444687842276,0.7338444687842276,0.784437434279706,UTL,max
70,gpt-4o,2996,chain_of_thought,1.0,layout-aware,"{'registrant_name': 0, 'registration_num': 1}","{'registrant_name': 0, 'registration_num': 1}","{'registrant_name': 0, 'registration_num': 1}","{'registrant_name': 0, 'registration_num': 1}","{'registrant_name': 0, 'registration_num': 1}","{'registrant_name': 0, 'registration_num': 1}","{'registrant_name': 0, 'registration_num': 1}","{'registrant_name': 0, 'registration_num': 1}","{'registrant_name': 0, 'registration_num': 1}",0.6153891859774214,0.6153891859774214,0.7503001200480193,0.6253931875780616,0.6253931875780616,0.7583233293317327,0.6833712984054665,0.6833712984054665,0.7970863683662848,UTL,max
71,gpt-4o,2996,chain_of_thought,1.0,naive,"{'registrant_name': 0, 'registration_num': 1}","{'registrant_name': 0, 'registration_num': 1}","{'registrant_name': 0, 'registration_num': 1}","{'registrant_name': 0, 'registration_num': 1}","{'registrant_name': 0, 'registration_num': 1}","{'registrant_name': 0, 'registration_num': 1}","{'registrant_name': 0, 'registration_num': 1}","{'registrant_name': 0, 'registration_num': 1}","{'registrant_name': 0, 'registration_num': 1}",0.6141887057853446,0.6141887057853446,0.7490996398559424,0.6241927073859849,0.6241927073859849,0.7571228491396559,0.6818700114025086,0.6818700114025086,0.7958333333333332,UTL,max
72,gpt-4o,2996,chain_of_thought,3.0,layout-aware,"{'registrant_name': 0, 'registration_num': 1}","{'registrant_name': 0, 'registration_num': 1}","{'registrant_name': 0, 'registration_num': 1}","{'registrant_name': 0, 'registration_num': 1}","{'registrant_name': 0, 'registration_num': 1}","{'registrant_name': 0, 'registration_num': 1}","{'registrant_name': 0, 'registration_num': 1}","{'registrant_name': 0, 'registration_num': 1}","{'registrant_name': 0, 'registration_num': 1}",0.6090666569658167,0.6090666569658167,0.7510070694944645,0.6206712988225593,0.6206712988225593,0.7611177804455116,0.6788571428571428,0.6788571428571428,0.7983367983367978,UTL,max
73,gpt-4o,2996,chain_of_thought,3.0,naive,"{'registrant_name': 0, 'registration_num': 1}","{'registrant_name': 0, 'registration_num': 1}","{'registrant_name': 0, 'registration_num': 1}","{'registrant_name': 0, 'registration_num': 1}","{'registrant_name': 0, 'registration_num': 1}","{'registrant_name': 0, 'registration_num': 1}","{'registrant_name': 0, 'registration_num': 1}","{'registrant_name': 0, 'registration_num': 1}","{'registrant_name': 0, 'registration_num': 1}",0.6126680975420473,0.6126680975420473,0.7537081499266375,0.6226720991426874,0.6226720991426874,0.761497932506336,0.6788571428571428,0.6788571428571428,0.7983367983367978,UTL,max
74,gpt-4o,2996,chain_of_thought,5.0,layout-aware,"{'registrant_name': 0, 'registration_num': 1}","{'registrant_name': 0, 'registration_num': 1}","{'registrant_name': 0, 'registration_num': 1}","{'registrant_name': 0, 'registration_num': 1}","{'registrant_name': 0, 'registration_num': 1}","{'registrant_name': 0, 'registration_num': 1}","{'registrant_name': 0, 'registration_num': 1}","{'registrant_name': 0, 'registration_num': 1}","{'registrant_name': 0, 'registration_num': 1}",0.6080662568057528,0.6080662568057528,0.7541883420034682,0.6194708186304826,0.6194708186304826,0.76421902094171,0.677345537757437,0.677345537757437,0.7995846313603323,UTL,max
75,gpt-4o,2996,chain_of_thought,5.0,naive,"{'registrant_name': 0, 'registration_num': 1}","{'registrant_name': 0, 'registration_num': 1}","{'registrant_name': 0, 'registration_num': 1}","{'registrant_name': 0, 'registration_num': 1}","{'registrant_name': 0, 'registration_num': 1}","{'registrant_name': 0, 'registration_num': 1}","{'registrant_name': 0, 'registration_num': 1}","{'registrant_name': 0, 'registration_num': 1}","{'registrant_name': 0, 'registration_num': 1}",0.6060654564856247,0.6060654564856247,0.7526877417633722,0.6174700183103545,0.6174700183103545,0.7627184207016141,0.6743119266055042,0.6743119266055042,0.7970863683662848,UTL,max
76,gpt-4o,1421,chain_of_thought,0.0,layout-aware,"{'registrant_name': 0, 'registration_num': 0}","{'registrant_name': 0, 'registration_num': 0}","{'registrant_name': 0, 'registration_num': 1}","{'registrant_name': 0, 'registration_num': 1}","{'registrant_name': 0, 'registration_num': 1}","{'registrant_name': 0, 'registration_num': 1}","{'registrant_name': 0, 'registration_num': 1}","{'registrant_name': 0, 'registration_num': 1}","{'registrant_name': 0, 'registration_num': 1}",0.6562291583299988,0.6562291583299988,0.7329798586101108,0.674309723889556,0.674309723889556,0.7407229558490063,0.7338444687842276,0.7338444687842276,0.7831578947368423,STL,medium
77,gpt-4o,1421,chain_of_thought,0.0,naive,"{'registrant_name': 0, 'registration_num': 0}","{'registrant_name': 0, 'registration_num': 0}","{'registrant_name': 0, 'registration_num': 1}","{'registrant_name': 0, 'registration_num': 1}","{'registrant_name': 0, 'registration_num': 1}","{'registrant_name': 0, 'registration_num': 1}","{'registrant_name': 0, 'registration_num': 1}","{'registrant_name': 0, 'registration_num': 1}","{'registrant_name': 0, 'registration_num': 1}",0.6539882619714554,0.6539882619714554,0.729638522075497,0.6732359610510873,0.6732359610510873,0.7396692010137389,0.7324561403508769,0.7324561403508769,0.7805907172995779,STL,medium
78,gpt-4o,1421,chain_of_thought,1.0,layout-aware,"{'registrant_name': 0, 'registration_num': 1}","{'registrant_name': 0, 'registration_num': 1}","{'registrant_name': 0, 'registration_num': 1}","{'registrant_name': 0, 'registration_num': 1}","{'registrant_name': 0, 'registration_num': 1}","{'registrant_name': 0, 'registration_num': 1}","{'registrant_name': 0, 'registration_num': 1}","{'registrant_name': 0, 'registration_num': 1}","{'registrant_name': 0, 'registration_num': 1}",0.6162695381182777,0.6162695381182777,0.7544417767106844,0.6252064462148497,0.6252064462148497,0.7613445378151261,0.6788571428571428,0.6788571428571428,0.7995846313603323,STL,medium
79,gpt-4o,1421,chain_of_thought,1.0,naive,"{'registrant_name': 0, 'registration_num': 1}","{'registrant_name': 0, 'registration_num': 1}","{'registrant_name': 0, 'registration_num': 1}","{'registrant_name': 0, 'registration_num': 1}","{'registrant_name': 0, 'registration_num': 1}","{'registrant_name': 0, 'registration_num': 1}","{'registrant_name': 0, 'registration_num': 1}","{'registrant_name': 0, 'registration_num': 1}","{'registrant_name': 0, 'registration_num': 1}",0.6148689778941882,0.6148689778941882,0.7518207282913166,0.6252064462148497,0.6252064462148497,0.7598439375750302,0.6788571428571428,0.6788571428571428,0.7983367983367978,STL,medium
80,gpt-4o,1421,chain_of_thought,3.0,layout-aware,"{'registrant_name': 0, 'registration_num': 1}","{'registrant_name': 0, 'registration_num': 1}","{'registrant_name': 0, 'registration_num': 1}","{'registrant_name': 0, 'registration_num': 1}","{'registrant_name': 0, 'registration_num': 1}","{'registrant_name': 0, 'registration_num': 1}","{'registrant_name': 0, 'registration_num': 1}","{'registrant_name': 0, 'registration_num': 1}","{'registrant_name': 0, 'registration_num': 1}",0.6080662568057527,0.6080662568057527,0.7583099906629319,0.6166696981823033,0.6166696981823033,0.7649793250633588,0.677345537757437,0.677345537757437,0.8045501551189241,STL,medium
81,gpt-4o,1421,chain_of_thought,3.0,naive,"{'registrant_name': 0, 'registration_num': 1}","{'registrant_name': 0, 'registration_num': 1}","{'registrant_name': 0, 'registration_num': 1}","{'registrant_name': 0, 'registration_num': 1}","{'registrant_name': 0, 'registration_num': 1}","{'registrant_name': 0, 'registration_num': 1}","{'registrant_name': 0, 'registration_num': 1}","{'registrant_name': 0, 'registration_num': 1}","{'registrant_name': 0, 'registration_num': 1}",0.6160694580862649,0.6160694580862649,0.7583900226757371,0.623072259206713,0.623072259206713,0.763858876884087,0.6818700114025086,0.6818700114025086,0.8045501551189241,STL,medium
82,gpt-4o,1421,chain_of_thought,5.0,layout-aware,"{'registrant_name': 0, 'registration_num': 1}","{'registrant_name': 0, 'registration_num': 1}","{'registrant_name': 0, 'registration_num': 1}","{'registrant_name': 0, 'registration_num': 1}","{'registrant_name': 0, 'registration_num': 1}","{'registrant_name': 0, 'registration_num': 1}","{'registrant_name': 0, 'registration_num': 1}","{'registrant_name': 0, 'registration_num': 1}","{'registrant_name': 0, 'registration_num': 1}",0.606365576533644,0.606365576533644,0.7598839535814327,0.6148689778941882,0.6148689778941882,0.7667400293450715,0.6803652968036534,0.6803652968036534,0.8070175438596487,STL,medium
83,gpt-4o,1421,chain_of_thought,5.0,naive,"{'registrant_name': 0, 'registration_num': 1}","{'registrant_name': 0, 'registration_num': 1}","{'registrant_name': 0, 'registration_num': 1}","{'registrant_name': 0, 'registration_num': 1}","{'registrant_name': 0, 'registration_num': 1}","{'registrant_name': 0, 'registration_num': 1}","{'registrant_name': 0, 'registration_num': 1}","{'registrant_name': 0, 'registration_num': 1}","{'registrant_name': 0, 'registration_num': 1}",0.6048649762935477,0.6048649762935477,0.7599906629318395,0.6150690579262009,0.6150690579262009,0.7678604775243432,0.6803652968036534,0.6803652968036534,0.8070175438596487,STL,medium
84,gpt-4o,1421,chain_of_thought,0.0,layout-aware,"{'registrant_name': 0, 'registration_num': 0}","{'registrant_name': 0, 'registration_num': 0}","{'registrant_name': 0, 'registration_num': 1}","{'registrant_name': 0, 'registration_num': 1}","{'registrant_name': 0, 'registration_num': 1}","{'registrant_name': 0, 'registration_num': 1}","{'registrant_name': 0, 'registration_num': 1}","{'registrant_name': 0, 'registration_num': 1}","{'registrant_name': 0, 'registration_num': 1}",0.6579898626117114,0.6579898626117114,0.7343804188342005,0.6760704281712687,0.6760704281712687,0.7432439642523677,0.7366120218579237,0.7366120218579237,0.7857142857142861,UTL,medium
85,gpt-4o,1421,chain_of_thought,0.0,naive,"{'registrant_name': 0, 'registration_num': 0}","{'registrant_name': 0, 'registration_num': 0}","{'registrant_name': 0, 'registration_num': 1}","{'registrant_name': 0, 'registration_num': 1}","{'registrant_name': 0, 'registration_num': 1}","{'registrant_name': 0, 'registration_num': 1}","{'registrant_name': 0, 'registration_num': 1}","{'registrant_name': 0, 'registration_num': 1}","{'registrant_name': 0, 'registration_num': 1}",0.661227521311555,0.661227521311555,0.7378818193944245,0.680475220391187,0.680475220391187,0.7479124983326666,0.7366120218579237,0.7366120218579237,0.7869884575026229,UTL,medium
86,gpt-4o,1421,chain_of_thought,1.0,layout-aware,"{'registrant_name': 0, 'registration_num': 1}","{'registrant_name': 0, 'registration_num': 1}","{'registrant_name': 0, 'registration_num': 1}","{'registrant_name': 0, 'registration_num': 1}","{'registrant_name': 0, 'registration_num': 1}","{'registrant_name': 0, 'registration_num': 1}","{'registrant_name': 0, 'registration_num': 1}","{'registrant_name': 0, 'registration_num': 1}","{'registrant_name': 0, 'registration_num': 1}",0.6144288018237599,0.6144288018237599,0.7507002801120449,0.6244328034244002,0.6244328034244002,0.7587234893957584,0.6818700114025086,0.6818700114025086,0.7970863683662848,UTL,medium
87,gpt-4o,1421,chain_of_thought,1.0,naive,"{'registrant_name': 0, 'registration_num': 1}","{'registrant_name': 0, 'registration_num': 1}","{'registrant_name': 0, 'registration_num': 1}","{'registrant_name': 0, 'registration_num': 1}","{'registrant_name': 0, 'registration_num': 1}","{'registrant_name': 0, 'registration_num': 1}","{'registrant_name': 0, 'registration_num': 1}","{'registrant_name': 0, 'registration_num': 1}","{'registrant_name': 0, 'registration_num': 1}",0.6144288018237599,0.6144288018237599,0.7519007603041217,0.6244328034244002,0.6244328034244002,0.7599239695878353,0.6818700114025086,0.6818700114025086,0.7983367983367978,UTL,medium
88,gpt-4o,1421,chain_of_thought,3.0,layout-aware,"{'registrant_name': 0, 'registration_num': 1}","{'registrant_name': 0, 'registration_num': 1}","{'registrant_name': 0, 'registration_num': 1}","{'registrant_name': 0, 'registration_num': 1}","{'registrant_name': 0, 'registration_num': 1}","{'registrant_name': 0, 'registration_num': 1}","{'registrant_name': 0, 'registration_num': 1}","{'registrant_name': 0, 'registration_num': 1}","{'registrant_name': 0, 'registration_num': 1}",0.6126680975420473,0.6126680975420473,0.7525877017473657,0.6226720991426874,0.6226720991426874,0.7614979325063359,0.6803652968036534,0.6803652968036534,0.7983367983367978,UTL,medium
89,gpt-4o,1421,chain_of_thought,3.0,naive,"{'registrant_name': 0, 'registration_num': 1}","{'registrant_name': 0, 'registration_num': 1}","{'registrant_name': 0, 'registration_num': 1}","{'registrant_name': 0, 'registration_num': 1}","{'registrant_name': 0, 'registration_num': 1}","{'registrant_name': 0, 'registration_num': 1}","{'registrant_name': 0, 'registration_num': 1}","{'registrant_name': 0, 'registration_num': 1}","{'registrant_name': 0, 'registration_num': 1}",0.6106672972219193,0.6106672972219193,0.7522075496865414,0.6206712988225593,0.6206712988225593,0.7611177804455116,0.6803652968036534,0.6803652968036534,0.7983367983367978,UTL,medium
90,gpt-4o,1421,chain_of_thought,5.0,layout-aware,"{'registrant_name': 0, 'registration_num': 1}","{'registrant_name': 0, 'registration_num': 1}","{'registrant_name': 0, 'registration_num': 1}","{'registrant_name': 0, 'registration_num': 1}","{'registrant_name': 0, 'registration_num': 1}","{'registrant_name': 0, 'registration_num': 1}","{'registrant_name': 0, 'registration_num': 1}","{'registrant_name': 0, 'registration_num': 1}","{'registrant_name': 0, 'registration_num': 1}",0.6080662568057528,0.6080662568057528,0.7525076697345606,0.6194708186304826,0.6194708186304826,0.7625383486728026,0.677345537757437,0.677345537757437,0.7983367983367978,UTL,medium
91,gpt-4o,1421,chain_of_thought,5.0,naive,"{'registrant_name': 0, 'registration_num': 1}","{'registrant_name': 0, 'registration_num': 1}","{'registrant_name': 0, 'registration_num': 1}","{'registrant_name': 0, 'registration_num': 1}","{'registrant_name': 0, 'registration_num': 1}","{'registrant_name': 0, 'registration_num': 1}","{'registrant_name': 0, 'registration_num': 1}","{'registrant_name': 0, 'registration_num': 1}","{'registrant_name': 0, 'registration_num': 1}",0.6060654564856247,0.6060654564856247,0.7521275176737364,0.6174700183103545,0.6174700183103545,0.7610377484327064,0.6758304696449029,0.6758304696449029,0.7983367983367978,UTL,medium
92,gpt-4o,633,chain_of_thought,0.0,layout-aware,"{'registrant_name': 0, 'registration_num': 0}","{'registrant_name': 0, 'registration_num': 0}","{'registrant_name': 0, 'registration_num': 1}","{'registrant_name': 0, 'registration_num': 1}","{'registrant_name': 0, 'registration_num': 1}","{'registrant_name': 0, 'registration_num': 1}","{'registrant_name': 0, 'registration_num': 1}","{'registrant_name': 0, 'registration_num': 1}","{'registrant_name': 0, 'registration_num': 1}",0.6139722555688943,0.6139722555688943,0.6914699213018543,0.6801987461651328,0.6801987461651328,0.7471655328798188,0.7268722466960349,0.7268722466960349,0.7702127659574473,STL,small
93,gpt-4o,633,chain_of_thought,0.0,naive,"{'registrant_name': 0, 'registration_num': 0}","{'registrant_name': 0, 'registration_num': 0}","{'registrant_name': 0, 'registration_num': 1}","{'registrant_name': 0, 'registration_num': 1}","{'registrant_name': 0, 'registration_num': 1}","{'registrant_name': 0, 'registration_num': 1}","{'registrant_name': 0, 'registration_num': 1}","{'registrant_name': 0, 'registration_num': 1}","{'registrant_name': 0, 'registration_num': 1}",0.6293384020274778,0.6293384020274778,0.7087034813925571,0.6874816593303988,0.6874816593303988,0.7549753234627187,0.7338444687842276,0.7338444687842276,0.7780126849894295,STL,small
94,gpt-4o,633,chain_of_thought,1.0,layout-aware,"{'registrant_name': 0, 'registration_num': 1}","{'registrant_name': 0, 'registration_num': 1}","{'registrant_name': 0, 'registration_num': 1}","{'registrant_name': 0, 'registration_num': 1}","{'registrant_name': 0, 'registration_num': 1}","{'registrant_name': 0, 'registration_num': 1}","{'registrant_name': 0, 'registration_num': 1}","{'registrant_name': 0, 'registration_num': 1}","{'registrant_name': 0, 'registration_num': 1}",0.6018073896225157,0.6018073896225157,0.7337668400693612,0.6235057659427409,0.6235057659427409,0.7691276510604244,0.6818700114025086,0.6818700114025086,0.7933194154488518,STL,small
95,gpt-4o,633,chain_of_thought,1.0,naive,"{'registrant_name': 0, 'registration_num': 1}","{'registrant_name': 0, 'registration_num': 1}","{'registrant_name': 0, 'registration_num': 1}","{'registrant_name': 0, 'registration_num': 1}","{'registrant_name': 0, 'registration_num': 1}","{'registrant_name': 0, 'registration_num': 1}","{'registrant_name': 0, 'registration_num': 1}","{'registrant_name': 0, 'registration_num': 1}","{'registrant_name': 0, 'registration_num': 1}",0.6000266773376018,0.6000266773376018,0.7310657596371883,0.6231256138819166,0.6231256138819166,0.7675470188075231,0.6758304696449029,0.6758304696449029,0.7869884575026229,STL,small
96,gpt-4o,633,chain_of_thought,3.0,layout-aware,"{'registrant_name': 0, 'registration_num': 1}","{'registrant_name': 0, 'registration_num': 1}","{'registrant_name': 0, 'registration_num': 1}","{'registrant_name': 0, 'registration_num': 1}","{'registrant_name': 0, 'registration_num': 1}","{'registrant_name': 0, 'registration_num': 1}","{'registrant_name': 0, 'registration_num': 1}","{'registrant_name': 0, 'registration_num': 1}","{'registrant_name': 0, 'registration_num': 1}",0.5941443243964254,0.5941443243964254,0.7301520608243298,0.6198709786945082,0.6198709786945082,0.7666199813258637,0.6758304696449029,0.6758304696449029,0.7920585161964475,STL,small
97,gpt-4o,633,chain_of_thought,3.0,naive,"{'registrant_name': 0, 'registration_num': 1}","{'registrant_name': 0, 'registration_num': 1}","{'registrant_name': 0, 'registration_num': 1}","{'registrant_name': 0, 'registration_num': 1}","{'registrant_name': 0, 'registration_num': 1}","{'registrant_name': 0, 'registration_num': 1}","{'registrant_name': 0, 'registration_num': 1}","{'registrant_name': 0, 'registration_num': 1}","{'registrant_name': 0, 'registration_num': 1}",0.5873816193143926,0.5873816193143926,0.7290316126450581,0.6117077133883857,0.6117077133883857,0.7643790849673203,0.6743119266055042,0.6743119266055042,0.7933194154488518,STL,small
98,gpt-4o,633,chain_of_thought,5.0,layout-aware,"{'registrant_name': 0, 'registration_num': 1}","{'registrant_name': 0, 'registration_num': 1}","{'registrant_name': 0, 'registration_num': 1}","{'registrant_name': 0, 'registration_num': 1}","{'registrant_name': 0, 'registration_num': 1}","{'registrant_name': 0, 'registration_num': 1}","{'registrant_name': 0, 'registration_num': 1}","{'registrant_name': 0, 'registration_num': 1}","{'registrant_name': 0, 'registration_num': 1}",0.5926837401627318,0.5926837401627318,0.7416766706682674,0.6132683376380857,0.6132683376380857,0.7722222222222224,0.677345537757437,0.677345537757437,0.7983367983367978,STL,small
99,gpt-4o,633,chain_of_thought,5.0,naive,"{'registrant_name': 0, 'registration_num': 1}","{'registrant_name': 0, 'registration_num': 1}","{'registrant_name': 0, 'registration_num': 1}","{'registrant_name': 0, 'registration_num': 1}","{'registrant_name': 0, 'registration_num': 1}","{'registrant_name': 0, 'registration_num': 1}","{'registrant_name': 0, 'registration_num': 1}","{'registrant_name': 0, 'registration_num': 1}","{'registrant_name': 0, 'registration_num': 1}",0.5926837401627318,0.5926837401627318,0.7427971188475392,0.6132683376380857,0.6132683376380857,0.773342670401494,0.677345537757437,0.677345537757437,0.7983367983367978,STL,small
100,gpt-4o,633,chain_of_thought,0.0,layout-aware,"{'registrant_name': 0, 'registration_num': 0}","{'registrant_name': 0, 'registration_num': 0}","{'registrant_name': 0, 'registration_num': 1}","{'registrant_name': 0, 'registration_num': 1}","{'registrant_name': 0, 'registration_num': 1}","{'registrant_name': 0, 'registration_num': 1}","{'registrant_name': 0, 'registration_num': 1}","{'registrant_name': 0, 'registration_num': 1}","{'registrant_name': 0, 'registration_num': 1}",0.6286181139122317,0.6286181139122317,0.7024943310657598,0.691483259970655,0.691483259970655,0.7545084700546887,0.7352297592997812,0.7352297592997812,0.7767195767195765,UTL,small
101,gpt-4o,633,chain_of_thought,0.0,naive,"{'registrant_name': 0, 'registration_num': 0}","{'registrant_name': 0, 'registration_num': 0}","{'registrant_name': 0, 'registration_num': 1}","{'registrant_name': 0, 'registration_num': 1}","{'registrant_name': 0, 'registration_num': 1}","{'registrant_name': 0, 'registration_num': 1}","{'registrant_name': 0, 'registration_num': 1}","{'registrant_name': 0, 'registration_num': 1}","{'registrant_name': 0, 'registration_num': 1}",0.6269374416433242,0.6269374416433242,0.7005802320928373,0.6919167667066828,0.6919167667066828,0.7530078698145927,0.7352297592997812,0.7352297592997812,0.7754237288135594,UTL,small
102,gpt-4o,633,chain_of_thought,1.0,layout-aware,"{'registrant_name': 0, 'registration_num': 1}","{'registrant_name': 0, 'registration_num': 1}","{'registrant_name': 0, 'registration_num': 1}","{'registrant_name': 0, 'registration_num': 1}","{'registrant_name': 0, 'registration_num': 1}","{'registrant_name': 0, 'registration_num': 1}","{'registrant_name': 0, 'registration_num': 1}","{'registrant_name': 0, 'registration_num': 1}","{'registrant_name': 0, 'registration_num': 1}",0.6035080698946248,0.6035080698946248,0.7380885687608378,0.6274740199109948,0.6274740199109948,0.7659463785514207,0.6833712984054665,0.6833712984054665,0.7945776850886342,UTL,small
103,gpt-4o,633,chain_of_thought,1.0,naive,"{'registrant_name': 0, 'registration_num': 1}","{'registrant_name': 0, 'registration_num': 1}","{'registrant_name': 0, 'registration_num': 1}","{'registrant_name': 0, 'registration_num': 1}","{'registrant_name': 0, 'registration_num': 1}","{'registrant_name': 0, 'registration_num': 1}","{'registrant_name': 0, 'registration_num': 1}","{'registrant_name': 0, 'registration_num': 1}","{'registrant_name': 0, 'registration_num': 1}",0.6007869814592506,0.6007869814592506,0.7334800586901429,0.6274740199109948,0.6274740199109948,0.7642456982793119,0.6833712984054665,0.6833712984054665,0.7920585161964475,UTL,small
104,gpt-4o,633,chain_of_thought,3.0,layout-aware,"{'registrant_name': 0, 'registration_num': 1}","{'registrant_name': 0, 'registration_num': 1}","{'registrant_name': 0, 'registration_num': 1}","{'registrant_name': 0, 'registration_num': 1}","{'registrant_name': 0, 'registration_num': 1}","{'registrant_name': 0, 'registration_num': 1}","{'registrant_name': 0, 'registration_num': 1}","{'registrant_name': 0, 'registration_num': 1}","{'registrant_name': 0, 'registration_num': 1}",0.5953448045885023,0.5953448045885023,0.7331132452981195,0.626273539718918,0.626273539718918,0.7695011337868481,0.6833712984054665,0.6833712984054665,0.7958333333333332,UTL,small
105,gpt-4o,633,chain_of_thought,3.0,naive,"{'registrant_name': 0, 'registration_num': 1}","{'registrant_name': 0, 'registration_num': 1}","{'registrant_name': 0, 'registration_num': 1}","{'registrant_name': 0, 'registration_num': 1}","{'registrant_name': 0, 'registration_num': 1}","{'registrant_name': 0, 'registration_num': 1}","{'registrant_name': 0, 'registration_num': 1}","{'registrant_name': 0, 'registration_num': 1}","{'registrant_name': 0, 'registration_num': 1}",0.5973456049086303,0.5973456049086303,0.735734293717487,0.626273539718918,0.626273539718918,0.7719221021742032,0.6833712984054665,0.6833712984054665,0.7970863683662848,UTL,small
106,gpt-4o,633,chain_of_thought,5.0,layout-aware,"{'registrant_name': 0, 'registration_num': 1}","{'registrant_name': 0, 'registration_num': 1}","{'registrant_name': 0, 'registration_num': 1}","{'registrant_name': 0, 'registration_num': 1}","{'registrant_name': 0, 'registration_num': 1}","{'registrant_name': 0, 'registration_num': 1}","{'registrant_name': 0, 'registration_num': 1}","{'registrant_name': 0, 'registration_num': 1}","{'registrant_name': 0, 'registration_num': 1}",0.5907429638522077,0.5907429638522077,0.7323329331732694,0.6246728994628155,0.6246728994628155,0.7734227024142991,0.6788571428571428,0.6788571428571428,0.7933194154488518,UTL,small
107,gpt-4o,633,chain_of_thought,5.0,naive,"{'registrant_name': 0, 'registration_num': 1}","{'registrant_name': 0, 'registration_num': 1}","{'registrant_name': 0, 'registration_num': 1}","{'registrant_name': 0, 'registration_num': 1}","{'registrant_name': 0, 'registration_num': 1}","{'registrant_name': 0, 'registration_num': 1}","{'registrant_name': 0, 'registration_num': 1}","{'registrant_name': 0, 'registration_num': 1}","{'registrant_name': 0, 'registration_num': 1}",0.5907429638522077,0.5907429638522077,0.7312124849939977,0.6246728994628155,0.6246728994628155,0.7734227024142991,0.6803652968036534,0.6803652968036534,0.7945776850886342,UTL,small
